Workbook

Sheet knn_filter_data
A1: chemical formula | B1: element1 | C1: element1 numbers | D1: element2 | E1: element2 numbers | F1: element3 | G1: element3 numbers | H1: element4 | I1: element4 numbers | J1: elements | K1: doping1 numbers | L1: doping element2 | M1: doping2 numbers | N1: doping element3 | O1: doping3 numbers | P1: Nb1 | Q1: Nb2 | R1: Nb3 | S1: Nb4 | T1: Nb5 | U1: Nb6 | V1: Nb7 | W1: Nb8 | X1: Nb9 | Y1: Nb10 | Z1: Nb11 | AA1: Nb12 | AB1: Nb13 | AC1: Nb14 | AD1: Nb15 | AE1: Nb16 | AF1: Nb17 | AG1: Nb18 | AH1: Nb19 | AI1: Nb20 | AJ1: Nb21 | AK1: Nb22 | AL1: Nb23 | AM1: Nb24 | AN1: Nb25 | AO1: Nb26 | AP1: Nb27 | AQ1: Nb28 | AR1: O1 | AS1: O2 | AT1: O3 | AU1: O4 | AV1: O5 | AW1: O6 | AX1: O7 | AY1: O8 | AZ1: O9 | BA1: O10 | BB1: O11 | BC1: O12 | BD1: O13 | BE1: O14 | BF1: O15 | BG1: O16 | BH1: O17 | BI1: O18 | BJ1: O19 | BK1: O20 | BL1: O21 | BM1: O22 | BN1: O23 | BO1: O24 | BP1: O25 | BQ1: O26 | BR1: O27 | BS1: O28 | BT1: K1 | BU1: K2 | BV1: K3 | BW1: K4 | BX1: K5 | BY1: K6 | BZ1: K7 | CA1: K8 | CB1: K9 | CC1: K10 | CD1: K11 | CE1: K12 | CF1: K13 | CG1: K14 | CH1: K15 | CI1: K16 | CJ1: K17 | CK1: K18 | CL1: K19 | CM1: K20 | CN1: K21 | CO1: K22 | CP1: K23 | CQ1: K24 | CR1: K25 | CS1: K26 | CT1: K27 | CU1: K28 | CV1: Na1 | CW1: Na2 | CX1: Na3 | CY1: Na4 | CZ1: Na5 | DA1: Na6 | DB1: Na7 | DC1: Na8 | DD1: Na9 | DE1: Na10 | DF1: Na11 | DG1: Na12 | DH1: Na13 | DI1: Na14 | DJ1: Na15 | DK1: Na16 | DL1: Na17 | DM1: Na18 | DN1: Na19 | DO1: Na20 | DP1: Na21 | DQ1: Na22 | DR1: Na23 | DS1: Na24 | DT1: Na25 | DU1: Na26 | DV1: Na27 | DW1: Na28 | DX1: Atomic electron scattering factor at 0.5 | DY1: Atomic environment number (Villars, Daams) | DZ1: Boiling temperature | EA1: Compression modulus | EB1: Density | EC1: Distance from core electron (Schubert) | ED1: Distance from valence electron (Schubert) | EE1: Electrochemical weight equivalent | EF1: Electronegativity (Alfred-Rochow) | EG1: Electronegativity (Martynov&Batsanov) | EH1: Electronegativity absolute | EI1: Energy of ionization second | EJ1: Energy of ionization third | EK1: Enthalpy of melting | EL1: Entropy of solid | EM1: Group number | EN1: Magnetic frequency of nuclei | EO1: Mendeleev chemists sequence | EP1: Mendeleev d-t start left | EQ1: Molar heat capacity | ER1: Moment nuclear magnetic | ES1: Oxidation state first | ET1: Radii covalent | EU1: Radii metal (Waber) | EV1: Spectral lines no | EW1: Spin nuclei | EX1: Thermal neutron capture cross section | EY1: Volume of atom (Villars, Daams) | EZ1: Eformation | FB1: EF | FC1: HF | FD1: E-TOT | FE1: E_atom | FF1: E_atom | FG1: a0 | FH1: b0 | FI1: c0 | FJ1: volume | FK1: volume_atom | FL1: EF-V | FM1: HF-V | FN1: VBM | FO1: CBM | FQ1: bandgap | FR1: v_bandgap | FS1: change_bandgap
A2: K23 Ba1 Na24 Nb48 O144 | B2: Nb | C2: 48 | D2: O | E2: 144 | F2: K | G2: 23 | H2: Na | I2: 24 | J2: Ba | K2: 1 | M2: =C2+E2+G2+I2+K2 -> 240 | P2: 1.92 | Q2: 14 | R2: 3573 | S2: 1.702 | T2: 8570 | U2: 0.95 | V2: 1.75 | W2: 0.19256 | X2: 1.23 | Y2: 2.03 | Z2: 4 | AA2: 1382 | AB2: 2416 | AC2: 26.8 | AD2: 36.28 | AE2: 5 | AF2: 24.442 | AG2: 58 | AH2: 50 | AI2: 24.48 | AJ2: 6.144 | AK2: 3 | AL2: 134 | AM2: 1.468 | AN2: 450 | AO2: 4.5 | AP2: 1.15 | AQ2: 1.807 | AR2: 0.232 | AS2: 1 | AT2: 90.19 | AU2: 0.011 | AV2: 2000 | AW2: 0.85 | AX2: 1.2 | AY2: 0.82902 | AZ2: 3.5 | BA2: 3.32 | BB2: 7.54 | BC2: 3388 | BD2: 5300 | BE2: 0.444 | BF2: 205.19507 | BG2: 6 | BH2: 13.557 | BI2: 103 | BJ2: 92 | BK2: 29.355 | BL2: -1.893 | BM2: -2 | BN2: 66 | BO2: 0.89 | BP2: 192 | BQ2: 2.5 | BR2: 0.0028 | BS2: 1.736 | BT2: 0.43 | BU2: 14 | BV2: 1032 | BW2: 0.032 | BX2: 862 | BY2: 1.32 | BZ2: 4.6 | CA2: 0.40514 | CB2: 0.91 | CC2: 0.8 | CD2: 2.42 | CE2: 3051 | CF2: 4411 | CG2: 2.39 | CH2: 64.43485 | CI2: 1 | CJ2: 4.667 | CK2: 6 | CL2: 4 | CM2: 29.58 | CN2: 0.391 | CO2: 1 | CP2: 203 | CQ2: 2.376 | CR2: 87 | CS2: 1.5 | CT2: 2.1 | CU2: 7.572 | CV2: 0.278 | CW2: 14 | CX2: 1153 | CY2: 0.068 | CZ2: 971 | DA2: 1.07 | DB2: 3.73 | DC2: 0.23831 | DD2: 1.01 | DE2: 0.89 | DF2: 2.85 | DG2: 4562 | DH2: 6912 | DI2: 2.64 | DJ2: 51.12083 | DK2: 1 | DL2: 26.451 | DM2: 7 | DN2: 5 | DO2: 28.24 | DP2: 2.216 | DQ2: 1 | DR2: 154 | DS2: 1.911 | DT2: 83 | DU2: 1.5 | DV2: 0.53 | DW2: 3.926 | DX2: 2.45 | DY2: 14 | DZ2: 1910 | EA2: 0.103 | EB2: 3594 | EC2: 1.44 | ED2: 3.35 | EE2: 0.71171 | EF2: 0.97 | EG2: 1.08 | EH2: 2.4 | EI2: 965 | EJ2: 3546 | EK2: 7.8 | EL2: 64.8954 | EM2: 2 | EN2: 11.113 | EO2: 10 | EP2: 9 | EQ2: 28.07 | ER2: 0.931 | ES2: 2 | ET2: 198 | EU2: 2.243 | EV2: 223 | EW2: 1.5 | EX2: 1.3 | EY2: 6.299 | EZ2: -1.0768843 | FB2: =EZ2 -> -1.0768843 | FC2: =EZ6 -> 1.0694747 | FD2: -1835.858 | FE2: =FD2/M2 -> -7.6494085 | FF2: =FE2*1000 -> -7649.4085 | FG2: 4.03059 | FH2: 4.0303725 | FI2: 4.1211667 | FJ2: 66.94745 | FK2: =FJ2/M2 -> 0.27894771 | FL2: =FJ2 -> 66.94745 | FM2: =FJ6 -> 66.221554 | FN2: -0.85 | FO2: 1.93 | FP2: 2.78 | FQ2: =FP2+0.01 -> 2.79 | FR2: =FQ2-2.86 -> -0.07 | FS2: =IF(FR2<0,0,1) -> 0
A3: K24 Ba1 Na23 Nb48 O144 | B3: Nb | C3: 48 | D3: O | E3: 144 | F3: K | G3: 24 | H3: Na | I3: 23 | J3: Ba | K3: 1 | M3: =C3+E3+G3+I3+K3 -> 240 | P3: 1.92 | Q3: 14 | R3: 3573 | S3: 1.702 | T3: 8570 | U3: 0.95 | V3: 1.75 | W3: 0.19256 | X3: 1.23 | Y3: 2.03 | Z3: 4 | AA3: 1382 | AB3: 2416 | AC3: 26.8 | AD3: 36.28 | AE3: 5 | AF3: 24.442 | AG3: 58 | AH3: 50 | AI3: 24.48 | AJ3: 6.144 | AK3: 3 | AL3: 134 | AM3: 1.468 | AN3: 450 | AO3: 4.5 | AP3: 1.15 | AQ3: 1.807 | AR3: 0.232 | AS3: 1 | AT3: 90.19 | AU3: 0.011 | AV3: 2000 | AW3: 0.85 | AX3: 1.2 | AY3: 0.82902 | AZ3: 3.5 | BA3: 3.32 | BB3: 7.54 | BC3: 3388 | BD3: 5300 | BE3: 0.444 | BF3: 205.19507 | BG3: 6 | BH3: 13.557 | BI3: 103 | BJ3: 92 | BK3: 29.355 | BL3: -1.893 | BM3: -2 | BN3: 66 | BO3: 0.89 | BP3: 192 | BQ3: 2.5 | BR3: 0.0028 | BS3: 1.736 | BT3: 0.43 | BU3: 14 | BV3: 1032 | BW3: 0.032 | BX3: 862 | BY3: 1.32 | BZ3: 4.6 | CA3: 0.40514 | CB3: 0.91 | CC3: 0.8 | CD3: 2.42 | CE3: 3051 | CF3: 4411 | CG3: 2.39 | CH3: 64.43485 | CI3: 1 | CJ3: 4.667 | CK3: 6 | CL3: 4 | CM3: 29.58 | CN3: 0.391 | CO3: 1 | CP3: 203 | CQ3: 2.376 | CR3: 87 | CS3: 1.5 | CT3: 2.1 | CU3: 7.572 | CV3: 0.278 | CW3: 14 | CX3: 1153 | CY3: 0.068 | CZ3: 971 | DA3: 1.07 | DB3: 3.73 | DC3: 0.23831 | DD3: 1.01 | DE3: 0.89 | DF3: 2.85 | DG3: 4562 | DH3: 6912 | DI3: 2.64 | DJ3: 51.12083 | DK3: 1 | DL3: 26.451 | DM3: 7 | DN3: 5 | DO3: 28.24 | DP3: 2.216 | DQ3: 1 | DR3: 154 | DS3: 1.911 | DT3: 83 | DU3: 1.5 | DV3: 0.53 | DW3: 3.926 | DX3: 2.45 | DY3: 14 | DZ3: 1910 | EA3: 0.103 | EB3: 3594 | EC3: 1.44 | ED3: 3.35 | EE3: 0.71171 | EF3: 0.97 | EG3: 1.08 | EH3: 2.4 | EI3: 965 | EJ3: 3546 | EK3: 7.8 | EL3: 64.8954 | EM3: 2 | EN3: 11.113 | EO3: 10 | EP3: 9 | EQ3: 28.07 | ER3: 0.931 | ES3: 2 | ET3: 198 | EU3: 2.243 | EV3: 223 | EW3: 1.5 | EX3: 1.3 | EY3: 6.299 | EZ3: -1.3996695 | FB3: =EZ3 -> -1.3996695 | FC3: =EZ7 -> 1.1549066 | FD3: -1835.8966 | FE3: =FD3/M3 -> -7.6495692 | FF3: =FE3*1000 -> -7649.5692 | FG3: 4.0310275 | FH3: 4.03064 | FI3: 4.1209 | FJ3: 66.954802 | FK3: =FJ3/M3 -> 0.27897834 | FL3: =FJ3 -> 66.954802 | FM3: =FJ7 -> 66.309207 | FN3: -0.96 | FO3: 1.97 | FP3: 2.93 | FQ3: =FP3+0.01 -> 2.94 | FR3: =FQ3-2.86 -> 0.08 | FS3: =IF(FR3<0,0,1) -> 1
A4: K24 Ba1 Na24 Nb47 O144 | B4: Nb | C4: 47 | D4: O | E4: 144 | F4: K | G4: 24 | H4: Na | I4: 24 | J4: Ba | K4: 1 | M4: =C4+E4+G4+I4+K4 -> 240 | P4: 1.92 | Q4: 14 | R4: 3573 | S4: 1.702 | T4: 8570 | U4: 0.95 | V4: 1.75 | W4: 0.19256 | X4: 1.23 | Y4: 2.03 | Z4: 4 | AA4: 1382 | AB4: 2416 | AC4: 26.8 | AD4: 36.28 | AE4: 5 | AF4: 24.442 | AG4: 58 | AH4: 50 | AI4: 24.48 | AJ4: 6.144 | AK4: 3 | AL4: 134 | AM4: 1.468 | AN4: 450 | AO4: 4.5 | AP4: 1.15 | AQ4: 1.807 | AR4: 0.232 | AS4: 1 | AT4: 90.19 | AU4: 0.011 | AV4: 2000 | AW4: 0.85 | AX4: 1.2 | AY4: 0.82902 | AZ4: 3.5 | BA4: 3.32 | BB4: 7.54 | BC4: 3388 | BD4: 5300 | BE4: 0.444 | BF4: 205.19507 | BG4: 6 | BH4: 13.557 | BI4: 103 | BJ4: 92 | BK4: 29.355 | BL4: -1.893 | BM4: -2 | BN4: 66 | BO4: 0.89 | BP4: 192 | BQ4: 2.5 | BR4: 0.0028 | BS4: 1.736 | BT4: 0.43 | BU4: 14 | BV4: 1032 | BW4: 0.032 | BX4: 862 | BY4: 1.32 | BZ4: 4.6 | CA4: 0.40514 | CB4: 0.91 | CC4: 0.8 | CD4: 2.42 | CE4: 3051 | CF4: 4411 | CG4: 2.39 | CH4: 64.43485 | CI4: 1 | CJ4: 4.667 | CK4: 6 | CL4: 4 | CM4: 29.58 | CN4: 0.391 | CO4: 1 | CP4: 203 | CQ4: 2.376 | CR4: 87 | CS4: 1.5 | CT4: 2.1 | CU4: 7.572 | CV4: 0.278 | CW4: 14 | CX4: 1153 | CY4: 0.068 | CZ4: 971 | DA4: 1.07 | DB4: 3.73 | DC4: 0.23831 | DD4: 1.01 | DE4: 0.89 | DF4: 2.85 | DG4: 4562 | DH4: 6912 | DI4: 2.64 | DJ4: 51.12083 | DK4: 1 | DL4: 26.451 | DM4: 7 | DN4: 5 | DO4: 28.24 | DP4: 2.216 | DQ4: 1 | DR4: 154 | DS4: 1.911 | DT4: 83 | DU4: 1.5 | DV4: 0.53 | DW4: 3.926 | DX4: 2.45 | DY4: 14 | DZ4: 1910 | EA4: 0.103 | EB4: 3594 | EC4: 1.44 | ED4: 3.35 | EE4: 0.71171 | EF4: 0.97 | EG4: 1.08 | EH4: 2.4 | EI4: 965 | EJ4: 3546 | EK4: 7.8 | EL4: 64.8954 | EM4: 2 | EN4: 11.113 | EO4: 10 | EP4: 9 | EQ4: 28.07 | ER4: 0.931 | ES4: 2 | ET4: 198 | EU4: 2.243 | EV4: 223 | EW4: 1.5 | EX4: 1.3 | EY4: 6.299 | EZ4: 12.475395 | FB4: =EZ4 -> 12.475395 | FC4: =EZ8 -> 13.970723 | FD4: -1813.24 | FE4: =FD4/M4 -> -7.5551665 | FF4: =FE4*1000 -> -7555.1665 | FG4: 4.03212 | FH4: 4.0311075 | FI4: 4.1226867 | FJ4: 67.009817 | FK4: =FJ4/M4 -> 0.27920757 | FL4: =FJ4 -> 67.009817 | FM4: =FJ8 -> 66.440508 | FN4: -0.9 | FO4: 1.96 | FP4: 2.86 | FQ4: =FP4+0.01 -> 2.87 | FR4: =FQ4-2.86 -> 0.01 | FS4: =IF(FR4<0,0,1) -> 1
A5: K24 Ba1 Na24 Nb48 O143 | B5: Nb | C5: 48 | D5: O | E5: 143 | F5: K | G5: 24 | H5: Na | I5: 24 | J5: Ba | K5: 1 | M5: =C5+E5+G5+I5+K5 -> 240 | P5: 1.92 | Q5: 14 | R5: 3573 | S5: 1.702 | T5: 8570 | U5: 0.95 | V5: 1.75 | W5: 0.19256 | X5: 1.23 | Y5: 2.03 | Z5: 4 | AA5: 1382 | AB5: 2416 | AC5: 26.8 | AD5: 36.28 | AE5: 5 | AF5: 24.442 | AG5: 58 | AH5: 50 | AI5: 24.48 | AJ5: 6.144 | AK5: 3 | AL5: 134 | AM5: 1.468 | AN5: 450 | AO5: 4.5 | AP5: 1.15 | AQ5: 1.807 | AR5: 0.232 | AS5: 1 | AT5: 90.19 | AU5: 0.011 | AV5: 2000 | AW5: 0.85 | AX5: 1.2 | AY5: 0.82902 | AZ5: 3.5 | BA5: 3.32 | BB5: 7.54 | BC5: 3388 | BD5: 5300 | BE5: 0.444 | BF5: 205.19507 | BG5: 6 | BH5: 13.557 | BI5: 103 | BJ5: 92 | BK5: 29.355 | BL5: -1.893 | BM5: -2 | BN5: 66 | BO5: 0.89 | BP5: 192 | BQ5: 2.5 | BR5: 0.0028 | BS5: 1.736 | BT5: 0.43 | BU5: 14 | BV5: 1032 | BW5: 0.032 | BX5: 862 | BY5: 1.32 | BZ5: 4.6 | CA5: 0.40514 | CB5: 0.91 | CC5: 0.8 | CD5: 2.42 | CE5: 3051 | CF5: 4411 | CG5: 2.39 | CH5: 64.43485 | CI5: 1 | CJ5: 4.667 | CK5: 6 | CL5: 4 | CM5: 29.58 | CN5: 0.391 | CO5: 1 | CP5: 203 | CQ5: 2.376 | CR5: 87 | CS5: 1.5 | CT5: 2.1 | CU5: 7.572 | CV5: 0.278 | CW5: 14 | CX5: 1153 | CY5: 0.068 | CZ5: 971 | DA5: 1.07 | DB5: 3.73 | DC5: 0.23831 | DD5: 1.01 | DE5: 0.89 | DF5: 2.85 | DG5: 4562 | DH5: 6912 | DI5: 2.64 | DJ5: 51.12083 | DK5: 1 | DL5: 26.451 | DM5: 7 | DN5: 5 | DO5: 28.24 | DP5: 2.216 | DQ5: 1 | DR5: 154 | DS5: 1.911 | DT5: 83 | DU5: 1.5 | DV5: 0.53 | DW5: 3.926 | DX5: 2.45 | DY5: 14 | DZ5: 1910 | EA5: 0.103 | EB5: 3594 | EC5: 1.44 | ED5: 3.35 | EE5: 0.71171 | EF5: 0.97 | EG5: 1.08 | EH5: 2.4 | EI5: 965 | EJ5: 3546 | EK5: 7.8 | EL5: 64.8954 | EM5: 2 | EN5: 11.113 | EO5: 10 | EP5: 9 | EQ5: 28.07 | ER5: 0.931 | ES5: 2 | ET5: 198 | EU5: 2.243 | EV5: 223 | EW5: 1.5 | EX5: 1.3 | EY5: 6.299 | EZ5: 6.4532746 | FB5: =EZ5 -> 6.4532746 | FC5: =EZ9 -> 5.6869536 | FD5: -1824.4065 | FE5: =FD5/M5 -> -7.6016937 | FF5: =FE5*1000 -> -7601.6937 | FG5: 4.035035 | FH5: 4.0340725 | FI5: 4.1188833 | FJ5: 67.045645 | FK5: =FJ5/M5 -> 0.27935685 | FL5: =FJ5 -> 67.045645 | FM5: =FJ9 -> 66.347985 | FN5: -0.97 | FO5: 2.11 | FP5: 3.08 | FQ5: =FP5+0.01 -> 3.09 | FR5: =FQ5-2.86 -> 0.23 | FS5: =IF(FR5<0,0,1) -> 1
A6: K22 Ba1 Na24 Nb48 O144 | B6: Nb | C6: 48 | D6: O | E6: 144 | F6: K | G6: 22 | H6: Na | I6: 24 | J6: Ba | K6: 1 | M6: =C6+E6+G6+I6+K6 -> 239 | P6: 1.92 | Q6: 14 | R6: 3573 | S6: 1.702 | T6: 8570 | U6: 0.95 | V6: 1.75 | W6: 0.19256 | X6: 1.23 | Y6: 2.03 | Z6: 4 | AA6: 1382 | AB6: 2416 | AC6: 26.8 | AD6: 36.28 | AE6: 5 | AF6: 24.442 | AG6: 58 | AH6: 50 | AI6: 24.48 | AJ6: 6.144 | AK6: 3 | AL6: 134 | AM6: 1.468 | AN6: 450 | AO6: 4.5 | AP6: 1.15 | AQ6: 1.807 | AR6: 0.232 | AS6: 1 | AT6: 90.19 | AU6: 0.011 | AV6: 2000 | AW6: 0.85 | AX6: 1.2 | AY6: 0.82902 | AZ6: 3.5 | BA6: 3.32 | BB6: 7.54 | BC6: 3388 | BD6: 5300 | BE6: 0.444 | BF6: 205.19507 | BG6: 6 | BH6: 13.557 | BI6: 103 | BJ6: 92 | BK6: 29.355 | BL6: -1.893 | BM6: -2 | BN6: 66 | BO6: 0.89 | BP6: 192 | BQ6: 2.5 | BR6: 0.0028 | BS6: 1.736 | BT6: 0.43 | BU6: 14 | BV6: 1032 | BW6: 0.032 | BX6: 862 | BY6: 1.32 | BZ6: 4.6 | CA6: 0.40514 | CB6: 0.91 | CC6: 0.8 | CD6: 2.42 | CE6: 3051 | CF6: 4411 | CG6: 2.39 | CH6: 64.43485 | CI6: 1 | CJ6: 4.667 | CK6: 6 | CL6: 4 | CM6: 29.58 | CN6: 0.391 | CO6: 1 | CP6: 203 | CQ6: 2.376 | CR6: 87 | CS6: 1.5 | CT6: 2.1 | CU6: 7.572 | CV6: 0.278 | CW6: 14 | CX6: 1153 | CY6: 0.068 | CZ6: 971 | DA6: 1.07 | DB6: 3.73 | DC6: 0.23831 | DD6: 1.01 | DE6: 0.89 | DF6: 2.85 | DG6: 4562 | DH6: 6912 | DI6: 2.64 | DJ6: 51.12083 | DK6: 1 | DL6: 26.451 | DM6: 7 | DN6: 5 | DO6: 28.24 | DP6: 2.216 | DQ6: 1 | DR6: 154 | DS6: 1.911 | DT6: 83 | DU6: 1.5 | DV6: 0.53 | DW6: 3.926 | DX6: 2.45 | DY6: 14 | DZ6: 1910 | EA6: 0.103 | EB6: 3594 | EC6: 1.44 | ED6: 3.35 | EE6: 0.71171 | EF6: 0.97 | EG6: 1.08 | EH6: 2.4 | EI6: 965 | EJ6: 3546 | EK6: 7.8 | EL6: 64.8954 | EM6: 2 | EN6: 11.113 | EO6: 10 | EP6: 9 | EQ6: 28.07 | ER6: 0.931 | ES6: 2 | ET6: 198 | EU6: 2.243 | EV6: 223 | EW6: 1.5 | EX6: 1.3 | EY6: 6.299 | EZ6: 1.0694747 | FA6: 0.022280723 | FC6: =EZ10 -> 1.9398047 | FD6: -1833.7609 | FE6: =FD6/M6 -> -7.6726396 | FF6: =FE6*1000 -> -7672.6396 | FG6: 4.0075325 | FH6: 4.00783 | FI6: 4.123 | FJ6: 66.221554 | FK6: =FJ6/M6 -> 0.27707763 | FM6: =FJ10 -> 66.87086 | FN6: -0.88 | FO6: 1.92 | FP6: 2.8 | FQ6: =FP6+0.01 -> 2.81 | FR6: =FQ6-2.86 -> -0.05 | FS6: =IF(FR6<0,0,1) -> 0
A7: K23 Ba1 Na23 Nb48 O144 | B7: Nb | C7: 48 | D7: O | E7: 144 | F7: K | G7: 23 | H7: Na | I7: 23 | J7: Ba | K7: 1 | M7: =C7+E7+G7+I7+K7 -> 239 | P7: 1.92 | Q7: 14 | R7: 3573 | S7: 1.702 | T7: 8570 | U7: 0.95 | V7: 1.75 | W7: 0.19256 | X7: 1.23 | Y7: 2.03 | Z7: 4 | AA7: 1382 | AB7: 2416 | AC7: 26.8 | AD7: 36.28 | AE7: 5 | AF7: 24.442 | AG7: 58 | AH7: 50 | AI7: 24.48 | AJ7: 6.144 | AK7: 3 | AL7: 134 | AM7: 1.468 | AN7: 450 | AO7: 4.5 | AP7: 1.15 | AQ7: 1.807 | AR7: 0.232 | AS7: 1 | AT7: 90.19 | AU7: 0.011 | AV7: 2000 | AW7: 0.85 | AX7: 1.2 | AY7: 0.82902 | AZ7: 3.5 | BA7: 3.32 | BB7: 7.54 | BC7: 3388 | BD7: 5300 | BE7: 0.444 | BF7: 205.19507 | BG7: 6 | BH7: 13.557 | BI7: 103 | BJ7: 92 | BK7: 29.355 | BL7: -1.893 | BM7: -2 | BN7: 66 | BO7: 0.89 | BP7: 192 | BQ7: 2.5 | BR7: 0.0028 | BS7: 1.736 | BT7: 0.43 | BU7: 14 | BV7: 1032 | BW7: 0.032 | BX7: 862 | BY7: 1.32 | BZ7: 4.6 | CA7: 0.40514 | CB7: 0.91 | CC7: 0.8 | CD7: 2.42 | CE7: 3051 | CF7: 4411 | CG7: 2.39 | CH7: 64.43485 | CI7: 1 | CJ7: 4.667 | CK7: 6 | CL7: 4 | CM7: 29.58 | CN7: 0.391 | CO7: 1 | CP7: 203 | CQ7: 2.376 | CR7: 87 | CS7: 1.5 | CT7: 2.1 | CU7: 7.572 | CV7: 0.278 | CW7: 14 | CX7: 1153 | CY7: 0.068 | CZ7: 971 | DA7: 1.07 | DB7: 3.73 | DC7: 0.23831 | DD7: 1.01 | DE7: 0.89 | DF7: 2.85 | DG7: 4562 | DH7: 6912 | DI7: 2.64 | DJ7: 51.12083 | DK7: 1 | DL7: 26.451 | DM7: 7 | DN7: 5 | DO7: 28.24 | DP7: 2.216 | DQ7: 1 | DR7: 154 | DS7: 1.911 | DT7: 83 | DU7: 1.5 | DV7: 0.53 | DW7: 3.926 | DX7: 2.45 | DY7: 14 | DZ7: 1910 | EA7: 0.103 | EB7: 3594 | EC7: 1.44 | ED7: 3.35 | EE7: 0.71171 | EF7: 0.97 | EG7: 1.08 | EH7: 2.4 | EI7: 965 | EJ7: 3546 | EK7: 7.8 | EL7: 64.8954 | EM7: 2 | EN7: 11.113 | EO7: 10 | EP7: 9 | EQ7: 28.07 | ER7: 0.931 | ES7: 2 | ET7: 198 | EU7: 2.243 | EV7: 223 | EW7: 1.5 | EX7: 1.3 | EY7: 6.299 | EZ7: 1.1549066 | FA7: 0.024060553 | FC7: =EZ11 -> 1.7649796 | FD7: -1833.3912 | FE7: =FD7/M7 -> -7.6710929 | FF7: =FE7*1000 -> -7671.0929 | FG7: 4.007405 | FH7: 4.0094125 | FI7: 4.1269567 | FJ7: 66.309207 | FK7: =FJ7/M7 -> 0.27744438 | FM7: =FJ11 -> 66.435855 | FN7: -0.85 | FO7: 1.82 | FP7: 2.67 | FQ7: =FP7+0.01 -> 2.68 | FR7: =FQ7-2.86 -> -0.18 | FS7: =IF(FR7<0,0,1) -> 0
A8: K23 Ba1 Na24 Nb47 O144 | B8: Nb | C8: 47 | D8: O | E8: 144 | F8: K | G8: 23 | H8: Na | I8: 24 | J8: Ba | K8: 1 | M8: =C8+E8+G8+I8+K8 -> 239 | P8: 1.92 | Q8: 14 | R8: 3573 | S8: 1.702 | T8: 8570 | U8: 0.95 | V8: 1.75 | W8: 0.19256 | X8: 1.23 | Y8: 2.03 | Z8: 4 | AA8: 1382 | AB8: 2416 | AC8: 26.8 | AD8: 36.28 | AE8: 5 | AF8: 24.442 | AG8: 58 | AH8: 50 | AI8: 24.48 | AJ8: 6.144 | AK8: 3 | AL8: 134 | AM8: 1.468 | AN8: 450 | AO8: 4.5 | AP8: 1.15 | AQ8: 1.807 | AR8: 0.232 | AS8: 1 | AT8: 90.19 | AU8: 0.011 | AV8: 2000 | AW8: 0.85 | AX8: 1.2 | AY8: 0.82902 | AZ8: 3.5 | BA8: 3.32 | BB8: 7.54 | BC8: 3388 | BD8: 5300 | BE8: 0.444 | BF8: 205.19507 | BG8: 6 | BH8: 13.557 | BI8: 103 | BJ8: 92 | BK8: 29.355 | BL8: -1.893 | BM8: -2 | BN8: 66 | BO8: 0.89 | BP8: 192 | BQ8: 2.5 | BR8: 0.0028 | BS8: 1.736 | BT8: 0.43 | BU8: 14 | BV8: 1032 | BW8: 0.032 | BX8: 862 | BY8: 1.32 | BZ8: 4.6 | CA8: 0.40514 | CB8: 0.91 | CC8: 0.8 | CD8: 2.42 | CE8: 3051 | CF8: 4411 | CG8: 2.39 | CH8: 64.43485 | CI8: 1 | CJ8: 4.667 | CK8: 6 | CL8: 4 | CM8: 29.58 | CN8: 0.391 | CO8: 1 | CP8: 203 | CQ8: 2.376 | CR8: 87 | CS8: 1.5 | CT8: 2.1 | CU8: 7.572 | CV8: 0.278 | CW8: 14 | CX8: 1153 | CY8: 0.068 | CZ8: 971 | DA8: 1.07 | DB8: 3.73 | DC8: 0.23831 | DD8: 1.01 | DE8: 0.89 | DF8: 2.85 | DG8: 4562 | DH8: 6912 | DI8: 2.64 | DJ8: 51.12083 | DK8: 1 | DL8: 26.451 | DM8: 7 | DN8: 5 | DO8: 28.24 | DP8: 2.216 | DQ8: 1 | DR8: 154 | DS8: 1.911 | DT8: 83 | DU8: 1.5 | DV8: 0.53 | DW8: 3.926 | DX8: 2.45 | DY8: 14 | DZ8: 1910 | EA8: 0.103 | EB8: 3594 | EC8: 1.44 | ED8: 3.35 | EE8: 0.71171 | EF8: 0.97 | EG8: 1.08 | EH8: 2.4 | EI8: 965 | EJ8: 3546 | EK8: 7.8 | EL8: 64.8954 | EM8: 2 | EN8: 11.113 | EO8: 10 | EP8: 9 | EQ8: 28.07 | ER8: 0.931 | ES8: 2 | ET8: 198 | EU8: 2.243 | EV8: 223 | EW8: 1.5 | EX8: 1.3 | EY8: 6.299 | EZ8: 13.970723 | FA8: 0.29105672 | FC8: =EZ12 -> 13.333055 | FD8: -1811.7938 | FE8: =FD8/M8 -> -7.5807272 | FF8: =FE8*1000 -> -7580.7272 | FG8: 4.01056 | FH8: 4.0104625 | FI8: 4.1307933 | FJ8: 66.440508 | FK8: =FJ8/M8 -> 0.27799376 | FM8: =FJ12 -> 66.400494 | FN8: -1.13 | FO8: 2.21 | FP8: 3.34 | FQ8: =FP8+0.01 -> 3.35 | FR8: =FQ8-2.86 -> 0.49 | FS8: =IF(FR8<0,0,1) -> 1
A9: K23 Ba1 Na24 Nb48 O143 | B9: Nb | C9: 48 | D9: O | E9: 143 | F9: K | G9: 23 | H9: Na | I9: 24 | J9: Ba | K9: 1 | M9: =C9+E9+G9+I9+K9 -> 239 | P9: 1.92 | Q9: 14 | R9: 3573 | S9: 1.702 | T9: 8570 | U9: 0.95 | V9: 1.75 | W9: 0.19256 | X9: 1.23 | Y9: 2.03 | Z9: 4 | AA9: 1382 | AB9: 2416 | AC9: 26.8 | AD9: 36.28 | AE9: 5 | AF9: 24.442 | AG9: 58 | AH9: 50 | AI9: 24.48 | AJ9: 6.144 | AK9: 3 | AL9: 134 | AM9: 1.468 | AN9: 450 | AO9: 4.5 | AP9: 1.15 | AQ9: 1.807 | AR9: 0.232 | AS9: 1 | AT9: 90.19 | AU9: 0.011 | AV9: 2000 | AW9: 0.85 | AX9: 1.2 | AY9: 0.82902 | AZ9: 3.5 | BA9: 3.32 | BB9: 7.54 | BC9: 3388 | BD9: 5300 | BE9: 0.444 | BF9: 205.19507 | BG9: 6 | BH9: 13.557 | BI9: 103 | BJ9: 92 | BK9: 29.355 | BL9: -1.893 | BM9: -2 | BN9: 66 | BO9: 0.89 | BP9: 192 | BQ9: 2.5 | BR9: 0.0028 | BS9: 1.736 | BT9: 0.43 | BU9: 14 | BV9: 1032 | BW9: 0.032 | BX9: 862 | BY9: 1.32 | BZ9: 4.6 | CA9: 0.40514 | CB9: 0.91 | CC9: 0.8 | CD9: 2.42 | CE9: 3051 | CF9: 4411 | CG9: 2.39 | CH9: 64.43485 | CI9: 1 | CJ9: 4.667 | CK9: 6 | CL9: 4 | CM9: 29.58 | CN9: 0.391 | CO9: 1 | CP9: 203 | CQ9: 2.376 | CR9: 87 | CS9: 1.5 | CT9: 2.1 | CU9: 7.572 | CV9: 0.278 | CW9: 14 | CX9: 1153 | CY9: 0.068 | CZ9: 971 | DA9: 1.07 | DB9: 3.73 | DC9: 0.23831 | DD9: 1.01 | DE9: 0.89 | DF9: 2.85 | DG9: 4562 | DH9: 6912 | DI9: 2.64 | DJ9: 51.12083 | DK9: 1 | DL9: 26.451 | DM9: 7 | DN9: 5 | DO9: 28.24 | DP9: 2.216 | DQ9: 1 | DR9: 154 | DS9: 1.911 | DT9: 83 | DU9: 1.5 | DV9: 0.53 | DW9: 3.926 | DX9: 2.45 | DY9: 14 | DZ9: 1910 | EA9: 0.103 | EB9: 3594 | EC9: 1.44 | ED9: 3.35 | EE9: 0.71171 | EF9: 0.97 | EG9: 1.08 | EH9: 2.4 | EI9: 965 | EJ9: 3546 | EK9: 7.8 | EL9: 64.8954 | EM9: 2 | EN9: 11.113 | EO9: 10 | EP9: 9 | EQ9: 28.07 | ER9: 0.931 | ES9: 2 | ET9: 198 | EU9: 2.243 | EV9: 223 | EW9: 1.5 | EX9: 1.3 | EY9: 6.299 | EZ9: 5.6869536 | FA9: 0.1184782 | FC9: =EZ13 -> 4.8267596 | FD9: -1825.222 | FE9: =FD9/M9 -> -7.636912 | FF9: =FE9*1000 -> -7636.912 | FG9: 4.009135 | FH9: 4.0114075 | FI9: 4.1255367 | FJ9: 66.347985 | FK9: =FJ9/M9 -> 0.27760663 | FM9: =FJ13 -> 66.322786 | FN9: -0.87 | FO9: 2.11 | FP9: 2.98 | FQ9: =FP9+0.01 -> 2.99 | FR9: =FQ9-2.86 -> 0.13 | FS9: =IF(FR9<0,0,1) -> 1
A10: K23 Ba1 Na23 Nb48 O144 | B10: Nb | C10: 48 | D10: O | E10: 144 | F10: K | G10: 23 | H10: Na | I10: 23 | J10: Ba | K10: 1 | M10: =C10+E10+G10+I10+K10 -> 239 | P10: 1.92 | Q10: 14 | R10: 3573 | S10: 1.702 | T10: 8570 | U10: 0.95 | V10: 1.75 | W10: 0.19256 | X10: 1.23 | Y10: 2.03 | Z10: 4 | AA10: 1382 | AB10: 2416 | AC10: 26.8 | AD10: 36.28 | AE10: 5 | AF10: 24.442 | AG10: 58 | AH10: 50 | AI10: 24.48 | AJ10: 6.144 | AK10: 3 | AL10: 134 | AM10: 1.468 | AN10: 450 | AO10: 4.5 | AP10: 1.15 | AQ10: 1.807 | AR10: 0.232 | AS10: 1 | AT10: 90.19 | AU10: 0.011 | AV10: 2000 | AW10: 0.85 | AX10: 1.2 | AY10: 0.82902 | AZ10: 3.5 | BA10: 3.32 | BB10: 7.54 | BC10: 3388 | BD10: 5300 | BE10: 0.444 | BF10: 205.19507 | BG10: 6 | BH10: 13.557 | BI10: 103 | BJ10: 92 | BK10: 29.355 | BL10: -1.893 | BM10: -2 | BN10: 66 | BO10: 0.89 | BP10: 192 | BQ10: 2.5 | BR10: 0.0028 | BS10: 1.736 | BT10: 0.43 | BU10: 14 | BV10: 1032 | BW10: 0.032 | BX10: 862 | BY10: 1.32 | BZ10: 4.6 | CA10: 0.40514 | CB10: 0.91 | CC10: 0.8 | CD10: 2.42 | CE10: 3051 | CF10: 4411 | CG10: 2.39 | CH10: 64.43485 | CI10: 1 | CJ10: 4.667 | CK10: 6 | CL10: 4 | CM10: 29.58 | CN10: 0.391 | CO10: 1 | CP10: 203 | CQ10: 2.376 | CR10: 87 | CS10: 1.5 | CT10: 2.1 | CU10: 7.572 | CV10: 0.278 | CW10: 14 | CX10: 1153 | CY10: 0.068 | CZ10: 971 | DA10: 1.07 | DB10: 3.73 | DC10: 0.23831 | DD10: 1.01 | DE10: 0.89 | DF10: 2.85 | DG10: 4562 | DH10: 6912 | DI10: 2.64 | DJ10: 51.12083 | DK10: 1 | DL10: 26.451 | DM10: 7 | DN10: 5 | DO10: 28.24 | DP10: 2.216 | DQ10: 1 | DR10: 154 | DS10: 1.911 | DT10: 83 | DU10: 1.5 | DV10: 0.53 | DW10: 3.926 | DX10: 2.45 | DY10: 14 | DZ10: 1910 | EA10: 0.103 | EB10: 3594 | EC10: 1.44 | ED10: 3.35 | EE10: 0.71171 | EF10: 0.97 | EG10: 1.08 | EH10: 2.4 | EI10: 965 | EJ10: 3546 | EK10: 7.8 | EL10: 64.8954 | EM10: 2 | EN10: 11.113 | EO10: 10 | EP10: 9 | EQ10: 28.07 | ER10: 0.931 | ES10: 2 | ET10: 198 | EU10: 2.243 | EV10: 223 | EW10: 1.5 | EX10: 1.3 | EY10: 6.299 | EZ10: 1.9398047 | FA10: 0.040412598 | FD10: -1832.9291 | FE10: =FD10/M10 -> -7.6691594 | FF10: =FE10*1000 -> -7669.1594 | FG10: 4.0085975 | FH10: 4.0083225 | FI10: 4.16181 | FJ10: 66.87086 | FK10: =FJ10/M10 -> 0.2797944 | FN10: -1.01 | FO10: 2.07 | FP10: 3.08 | FQ10: =FP10+0.01 -> 3.09 | FR10: =FQ10-2.86 -> 0.23 | FS10: =IF(FR10<0,0,1) -> 1
A11: K24 Ba1 Na22 Nb48 O144 | B11: Nb | C11: 48 | D11: O | E11: 144 | F11: K | G11: 24 | H11: Na | I11: 22 | J11: Ba | K11: 1 | M11: =C11+E11+G11+I11+K11 -> 239 | P11: 1.92 | Q11: 14 | R11: 3573 | S11: 1.702 | T11: 8570 | U11: 0.95 | V11: 1.75 | W11: 0.19256 | X11: 1.23 | Y11: 2.03 | Z11: 4 | AA11: 1382 | AB11: 2416 | AC11: 26.8 | AD11: 36.28 | AE11: 5 | AF11: 24.442 | AG11: 58 | AH11: 50 | AI11: 24.48 | AJ11: 6.144 | AK11: 3 | AL11: 134 | AM11: 1.468 | AN11: 450 | AO11: 4.5 | AP11: 1.15 | AQ11: 1.807 | AR11: 0.232 | AS11: 1 | AT11: 90.19 | AU11: 0.011 | AV11: 2000 | AW11: 0.85 | AX11: 1.2 | AY11: 0.82902 | AZ11: 3.5 | BA11: 3.32 | BB11: 7.54 | BC11: 3388 | BD11: 5300 | BE11: 0.444 | BF11: 205.19507 | BG11: 6 | BH11: 13.557 | BI11: 103 | BJ11: 92 | BK11: 29.355 | BL11: -1.893 | BM11: -2 | BN11: 66 | BO11: 0.89 | BP11: 192 | BQ11: 2.5 | BR11: 0.0028 | BS11: 1.736 | BT11: 0.43 | BU11: 14 | BV11: 1032 | BW11: 0.032 | BX11: 862 | BY11: 1.32 | BZ11: 4.6 | CA11: 0.40514 | CB11: 0.91 | CC11: 0.8 | CD11: 2.42 | CE11: 3051 | CF11: 4411 | CG11: 2.39 | CH11: 64.43485 | CI11: 1 | CJ11: 4.667 | CK11: 6 | CL11: 4 | CM11: 29.58 | CN11: 0.391 | CO11: 1 | CP11: 203 | CQ11: 2.376 | CR11: 87 | CS11: 1.5 | CT11: 2.1 | CU11: 7.572 | CV11: 0.278 | CW11: 14 | CX11: 1153 | CY11: 0.068 | CZ11: 971 | DA11: 1.07 | DB11: 3.73 | DC11: 0.23831 | DD11: 1.01 | DE11: 0.89 | DF11: 2.85 | DG11: 4562 | DH11: 6912 | DI11: 2.64 | DJ11: 51.12083 | DK11: 1 | DL11: 26.451 | DM11: 7 | DN11: 5 | DO11: 28.24 | DP11: 2.216 | DQ11: 1 | DR11: 154 | DS11: 1.911 | DT11: 83 | DU11: 1.5 | DV11: 0.53 | DW11: 3.926 | DX11: 2.45 | DY11: 14 | DZ11: 1910 | EA11: 0.103 | EB11: 3594 | EC11: 1.44 | ED11: 3.35 | EE11: 0.71171 | EF11: 0.97 | EG11: 1.08 | EH11: 2.4 | EI11: 965 | EJ11: 3546 | EK11: 7.8 | EL11: 64.8954 | EM11: 2 | EN11: 11.113 | EO11: 10 | EP11: 9 | EQ11: 28.07 | ER11: 0.931 | ES11: 2 | ET11: 198 | EU11: 2.243 | EV11: 223 | EW11: 1.5 | EX11: 1.3 | EY11: 6.299 | EZ11: 1.7649796 | FA11: 0.036770407 | FC11: =MAX(FE2:FE301)-MIN(FE2:FE301) -> 0.14030038 | FD11: -1832.8197 | FE11: =FD11/M11 -> -7.6687017 | FF11: =FE11*1000 -> -7668.7017 | FG11: 4.006855 | FH11: 4.00687 | FI11: 4.13803 | FJ11: 66.435855 | FK11: =FJ11/M11 -> 0.27797429 | FN11: -0.95 | FO11: 2.06 | FP11: 3.01 | FQ11: =FP11+0.01 -> 3.02 | FR11: =FQ11-2.86 -> 0.16 | FS11: =IF(FR11<0,0,1) -> 1
A12: K24 Ba1 Na23 Nb47 O144 | B12: Nb | C12: 47 | D12: O | E12: 144 | F12: K | G12: 24 | H12: Na | I12: 23 | J12: Ba | K12: 1 | M12: =C12+E12+G12+I12+K12 -> 239 | P12: 1.92 | Q12: 14 | R12: 3573 | S12: 1.702 | T12: 8570 | U12: 0.95 | V12: 1.75 | W12: 0.19256 | X12: 1.23 | Y12: 2.03 | Z12: 4 | AA12: 1382 | AB12: 2416 | AC12: 26.8 | AD12: 36.28 | AE12: 5 | AF12: 24.442 | AG12: 58 | AH12: 50 | AI12: 24.48 | AJ12: 6.144 | AK12: 3 | AL12: 134 | AM12: 1.468 | AN12: 450 | AO12: 4.5 | AP12: 1.15 | AQ12: 1.807 | AR12: 0.232 | AS12: 1 | AT12: 90.19 | AU12: 0.011 | AV12: 2000 | AW12: 0.85 | AX12: 1.2 | AY12: 0.82902 | AZ12: 3.5 | BA12: 3.32 | BB12: 7.54 | BC12: 3388 | BD12: 5300 | BE12: 0.444 | BF12: 205.19507 | BG12: 6 | BH12: 13.557 | BI12: 103 | BJ12: 92 | BK12: 29.355 | BL12: -1.893 | BM12: -2 | BN12: 66 | BO12: 0.89 | BP12: 192 | BQ12: 2.5 | BR12: 0.0028 | BS12: 1.736 | BT12: 0.43 | BU12: 14 | BV12: 1032 | BW12: 0.032 | BX12: 862 | BY12: 1.32 | BZ12: 4.6 | CA12: 0.40514 | CB12: 0.91 | CC12: 0.8 | CD12: 2.42 | CE12: 3051 | CF12: 4411 | CG12: 2.39 | CH12: 64.43485 | CI12: 1 | CJ12: 4.667 | CK12: 6 | CL12: 4 | CM12: 29.58 | CN12: 0.391 | CO12: 1 | CP12: 203 | CQ12: 2.376 | CR12: 87 | CS12: 1.5 | CT12: 2.1 | CU12: 7.572 | CV12: 0.278 | CW12: 14 | CX12: 1153 | CY12: 0.068 | CZ12: 971 | DA12: 1.07 | DB12: 3.73 | DC12: 0.23831 | DD12: 1.01 | DE12: 0.89 | DF12: 2.85 | DG12: 4562 | DH12: 6912 | DI12: 2.64 | DJ12: 51.12083 | DK12: 1 | DL12: 26.451 | DM12: 7 | DN12: 5 | DO12: 28.24 | DP12: 2.216 | DQ12: 1 | DR12: 154 | DS12: 1.911 | DT12: 83 | DU12: 1.5 | DV12: 0.53 | DW12: 3.926 | DX12: 2.45 | DY12: 14 | DZ12: 1910 | EA12: 0.103 | EB12: 3594 | EC12: 1.44 | ED12: 3.35 | EE12: 0.71171 | EF12: 0.97 | EG12: 1.08 | EH12: 2.4 | EI12: 965 | EJ12: 3546 | EK12: 7.8 | EL12: 64.8954 | EM12: 2 | EN12: 11.113 | EO12: 10 | EP12: 9 | EQ12: 28.07 | ER12: 0.931 | ES12: 2 | ET12: 198 | EU12: 2.243 | EV12: 223 | EW12: 1.5 | EX12: 1.3 | EY12: 6.299 | EZ12: 13.333055 | FA12: 0.27777197 | FD12: -1812.47 | FE12: =FD12/M12 -> -7.5835566 | FF12: =FE12*1000 -> -7583.5566 | FG12: 4.0099475 | FH12: 4.0092625 | FI12: 4.1301733 | FJ12: 66.400494 | FK12: =FJ12/M12 -> 0.27782634 | FN12: -1.08 | FO12: 1.9 | FP12: 2.98 | FQ12: =FP12+0.01 -> 2.99 | FR12: =FQ12-2.86 -> 0.13 | FS12: =IF(FR12<0,0,1) -> 1
A13: K24 Ba1 Na23 Nb48 O143 | B13: Nb | C13: 48 | D13: O | E13: 143 | F13: K | G13: 24 | H13: Na | I13: 23 | J13: Ba | K13: 1 | M13: =C13+E13+G13+I13+K13 -> 239 | P13: 1.92 | Q13: 14 | R13: 3573 | S13: 1.702 | T13: 8570 | U13: 0.95 | V13: 1.75 | W13: 0.19256 | X13: 1.23 | Y13: 2.03 | Z13: 4 | AA13: 1382 | AB13: 2416 | AC13: 26.8 | AD13: 36.28 | AE13: 5 | AF13: 24.442 | AG13: 58 | AH13: 50 | AI13: 24.48 | AJ13: 6.144 | AK13: 3 | AL13: 134 | AM13: 1.468 | AN13: 450 | AO13: 4.5 | AP13: 1.15 | AQ13: 1.807 | AR13: 0.232 | AS13: 1 | AT13: 90.19 | AU13: 0.011 | AV13: 2000 | AW13: 0.85 | AX13: 1.2 | AY13: 0.82902 | AZ13: 3.5 | BA13: 3.32 | BB13: 7.54 | BC13: 3388 | BD13: 5300 | BE13: 0.444 | BF13: 205.19507 | BG13: 6 | BH13: 13.557 | BI13: 103 | BJ13: 92 | BK13: 29.355 | BL13: -1.893 | BM13: -2 | BN13: 66 | BO13: 0.89 | BP13: 192 | BQ13: 2.5 | BR13: 0.0028 | BS13: 1.736 | BT13: 0.43 | BU13: 14 | BV13: 1032 | BW13: 0.032 | BX13: 862 | BY13: 1.32 | BZ13: 4.6 | CA13: 0.40514 | CB13: 0.91 | CC13: 0.8 | CD13: 2.42 | CE13: 3051 | CF13: 4411 | CG13: 2.39 | CH13: 64.43485 | CI13: 1 | CJ13: 4.667 | CK13: 6 | CL13: 4 | CM13: 29.58 | CN13: 0.391 | CO13: 1 | CP13: 203 | CQ13: 2.376 | CR13: 87 | CS13: 1.5 | CT13: 2.1 | CU13: 7.572 | CV13: 0.278 | CW13: 14 | CX13: 1153 | CY13: 0.068 | CZ13: 971 | DA13: 1.07 | DB13: 3.73 | DC13: 0.23831 | DD13: 1.01 | DE13: 0.89 | DF13: 2.85 | DG13: 4562 | DH13: 6912 | DI13: 2.64 | DJ13: 51.12083 | DK13: 1 | DL13: 26.451 | DM13: 7 | DN13: 5 | DO13: 28.24 | DP13: 2.216 | DQ13: 1 | DR13: 154 | DS13: 1.911 | DT13: 83 | DU13: 1.5 | DV13: 0.53 | DW13: 3.926 | DX13: 2.45 | DY13: 14 | DZ13: 1910 | EA13: 0.103 | EB13: 3594 | EC13: 1.44 | ED13: 3.35 | EE13: 0.71171 | EF13: 0.97 | EG13: 1.08 | EH13: 2.4 | EI13: 965 | EJ13: 3546 | EK13: 7.8 | EL13: 64.8954 | EM13: 2 | EN13: 11.113 | EO13: 10 | EP13: 9 | EQ13: 28.07 | ER13: 0.931 | ES13: 2 | ET13: 198 | EU13: 2.243 | EV13: 223 | EW13: 1.5 | EX13: 1.3 | EY13: 6.299 | EZ13: 4.8267596 | FA13: 0.10055749 | FD13: -1826.1207 | FE13: =FD13/M13 -> -7.6406725 | FF13: =FE13*1000 -> -7640.6725 | FG13: 4.0066425 | FH13: 4.0080025 | FI13: 4.13004 | FJ13: 66.322786 | FK13: =FJ13/M13 -> 0.2775012 | FN13: -0.9 | FO13: 2.16 | FP13: 3.06 | FQ13: =FP13+0.01 -> 3.07 | FR13: =FQ13-2.86 -> 0.21 | FS13: =IF(FR13<0,0,1) -> 1
A14: K23 Na24 Sr1 Nb48 O144 | B14: Nb | C14: 48 | D14: O | E14: 144 | F14: K | G14: 23 | H14: Na | I14: 24 | J14: Sr | K14: 1 | M14: =C14+E14+G14+I14+K14 -> 240 | P14: 1.92 | Q14: 14 | R14: 3573 | S14: 1.702 | T14: 8570 | U14: 0.95 | V14: 1.75 | W14: 0.19256 | X14: 1.23 | Y14: 2.03 | Z14: 4 | AA14: 1382 | AB14: 2416 | AC14: 26.8 | AD14: 36.28 | AE14: 5 | AF14: 24.442 | AG14: 58 | AH14: 50 | AI14: 24.48 | AJ14: 6.144 | AK14: 3 | AL14: 134 | AM14: 1.468 | AN14: 450 | AO14: 4.5 | AP14: 1.15 | AQ14: 1.807 | AR14: 0.232 | AS14: 1 | AT14: 90.19 | AU14: 0.011 | AV14: 2000 | AW14: 0.85 | AX14: 1.2 | AY14: 0.82902 | AZ14: 3.5 | BA14: 3.32 | BB14: 7.54 | BC14: 3388 | BD14: 5300 | BE14: 0.444 | BF14: 205.19507 | BG14: 6 | BH14: 13.557 | BI14: 103 | BJ14: 92 | BK14: 29.355 | BL14: -1.893 | BM14: -2 | BN14: 66 | BO14: 0.89 | BP14: 192 | BQ14: 2.5 | BR14: 0.0028 | BS14: 1.736 | BT14: 0.43 | BU14: 14 | BV14: 1032 | BW14: 0.032 | BX14: 862 | BY14: 1.32 | BZ14: 4.6 | CA14: 0.40514 | CB14: 0.91 | CC14: 0.8 | CD14: 2.42 | CE14: 3051 | CF14: 4411 | CG14: 2.39 | CH14: 64.43485 | CI14: 1 | CJ14: 4.667 | CK14: 6 | CL14: 4 | CM14: 29.58 | CN14: 0.391 | CO14: 1 | CP14: 203 | CQ14: 2.376 | CR14: 87 | CS14: 1.5 | CT14: 2.1 | CU14: 7.572 | CV14: 0.278 | CW14: 14 | CX14: 1153 | CY14: 0.068 | CZ14: 971 | DA14: 1.07 | DB14: 3.73 | DC14: 0.23831 | DD14: 1.01 | DE14: 0.89 | DF14: 2.85 | DG14: 4562 | DH14: 6912 | DI14: 2.64 | DJ14: 51.12083 | DK14: 1 | DL14: 26.451 | DM14: 7 | DN14: 5 | DO14: 28.24 | DP14: 2.216 | DQ14: 1 | DR14: 154 | DS14: 1.911 | DT14: 83 | DU14: 1.5 | DV14: 0.53 | DW14: 3.926 | DX14: 1.8 | DY14: 12 | DZ14: 1653 | EA14: 0.116 | EB14: 2540 | EC14: 1.39 | ED14: 2.92 | EE14: 0.45404 | EF14: 0.99 | EG14: 1.13 | EH14: 2 | EI14: 1064 | EJ14: 4207 | EK14: 8.2 | EL14: 52.335 | EM14: 2 | EN14: 4.333 | EO14: 11 | EP14: 10 | EQ14: 26.4 | ER14: 1.089 | ES14: 2 | ET14: 192 | EU14: 2.151 | EV14: 92 | EW14: 4.5 | EX14: 1.2 | EY14: 5.632 | EZ14: -1.3512023 | FB14: =EZ14 -> -1.3512023 | FD14: -1835.8667 | FE14: =FD14/M14 -> -7.6494445 | FF14: =FE14*1000 -> -7649.4445 | FG14: 4.030485 | FH14: 4.0302075 | FI14: 4.1209 | FJ14: 66.93866 | FK14: =FJ14/M14 -> 0.27891109 | FL14: =FJ14 -> 66.93866 | FN14: -0.86 | FO14: 1.93 | FP14: 2.79 | FQ14: =FP14+0.01 -> 2.8 | FR14: =FQ14-2.86 -> -0.06 | FS14: =IF(FR14<0,0,1) -> 0
A15: K24 Na23 Sr1 Nb48 O144 | B15: Nb | C15: 48 | D15: O | E15: 144 | F15: K | G15: 24 | H15: Na | I15: 23 | J15: Sr | K15: 1 | M15: =C15+E15+G15+I15+K15 -> 240 | P15: 1.92 | Q15: 14 | R15: 3573 | S15: 1.702 | T15: 8570 | U15: 0.95 | V15: 1.75 | W15: 0.19256 | X15: 1.23 | Y15: 2.03 | Z15: 4 | AA15: 1382 | AB15: 2416 | AC15: 26.8 | AD15: 36.28 | AE15: 5 | AF15: 24.442 | AG15: 58 | AH15: 50 | AI15: 24.48 | AJ15: 6.144 | AK15: 3 | AL15: 134 | AM15: 1.468 | AN15: 450 | AO15: 4.5 | AP15: 1.15 | AQ15: 1.807 | AR15: 0.232 | AS15: 1 | AT15: 90.19 | AU15: 0.011 | AV15: 2000 | AW15: 0.85 | AX15: 1.2 | AY15: 0.82902 | AZ15: 3.5 | BA15: 3.32 | BB15: 7.54 | BC15: 3388 | BD15: 5300 | BE15: 0.444 | BF15: 205.19507 | BG15: 6 | BH15: 13.557 | BI15: 103 | BJ15: 92 | BK15: 29.355 | BL15: -1.893 | BM15: -2 | BN15: 66 | BO15: 0.89 | BP15: 192 | BQ15: 2.5 | BR15: 0.0028 | BS15: 1.736 | BT15: 0.43 | BU15: 14 | BV15: 1032 | BW15: 0.032 | BX15: 862 | BY15: 1.32 | BZ15: 4.6 | CA15: 0.40514 | CB15: 0.91 | CC15: 0.8 | CD15: 2.42 | CE15: 3051 | CF15: 4411 | CG15: 2.39 | CH15: 64.43485 | CI15: 1 | CJ15: 4.667 | CK15: 6 | CL15: 4 | CM15: 29.58 | CN15: 0.391 | CO15: 1 | CP15: 203 | CQ15: 2.376 | CR15: 87 | CS15: 1.5 | CT15: 2.1 | CU15: 7.572 | CV15: 0.278 | CW15: 14 | CX15: 1153 | CY15: 0.068 | CZ15: 971 | DA15: 1.07 | DB15: 3.73 | DC15: 0.23831 | DD15: 1.01 | DE15: 0.89 | DF15: 2.85 | DG15: 4562 | DH15: 6912 | DI15: 2.64 | DJ15: 51.12083 | DK15: 1 | DL15: 26.451 | DM15: 7 | DN15: 5 | DO15: 28.24 | DP15: 2.216 | DQ15: 1 | DR15: 154 | DS15: 1.911 | DT15: 83 | DU15: 1.5 | DV15: 0.53 | DW15: 3.926 | DX15: 1.8 | DY15: 12 | DZ15: 1653 | EA15: 0.116 | EB15: 2540 | EC15: 1.39 | ED15: 2.92 | EE15: 0.45404 | EF15: 0.99 | EG15: 1.13 | EH15: 2 | EI15: 1064 | EJ15: 4207 | EK15: 8.2 | EL15: 52.335 | EM15: 2 | EN15: 4.333 | EO15: 11 | EP15: 10 | EQ15: 26.4 | ER15: 1.089 | ES15: 2 | ET15: 192 | EU15: 2.151 | EV15: 92 | EW15: 4.5 | EX15: 1.2 | EY15: 5.632 | EZ15: -1.5985565 | FB15: =EZ15 -> -1.5985565 | FD15: -1835.8298 | FE15: =FD15/M15 -> -7.6492909 | FF15: =FE15*1000 -> -7649.2909 | FG15: 4.0307175 | FH15: 4.0303975 | FI15: 4.1208667 | FJ15: 66.945137 | FK15: =FJ15/M15 -> 0.27893807 | FL15: =FJ15 -> 66.945137 | FN15: -0.96 | FO15: 1.96 | FP15: 2.92 | FQ15: =FP15+0.01 -> 2.93 | FR15: =FQ15-2.86 -> 0.07 | FS15: =IF(FR15<0,0,1) -> 1
A16: K24 Na24 Sr1 Nb47 O144 | B16: Nb | C16: 47 | D16: O | E16: 144 | F16: K | G16: 24 | H16: Na | I16: 24 | J16: Sr | K16: 1 | M16: =C16+E16+G16+I16+K16 -> 240 | P16: 1.92 | Q16: 14 | R16: 3573 | S16: 1.702 | T16: 8570 | U16: 0.95 | V16: 1.75 | W16: 0.19256 | X16: 1.23 | Y16: 2.03 | Z16: 4 | AA16: 1382 | AB16: 2416 | AC16: 26.8 | AD16: 36.28 | AE16: 5 | AF16: 24.442 | AG16: 58 | AH16: 50 | AI16: 24.48 | AJ16: 6.144 | AK16: 3 | AL16: 134 | AM16: 1.468 | AN16: 450 | AO16: 4.5 | AP16: 1.15 | AQ16: 1.807 | AR16: 0.232 | AS16: 1 | AT16: 90.19 | AU16: 0.011 | AV16: 2000 | AW16: 0.85 | AX16: 1.2 | AY16: 0.82902 | AZ16: 3.5 | BA16: 3.32 | BB16: 7.54 | BC16: 3388 | BD16: 5300 | BE16: 0.444 | BF16: 205.19507 | BG16: 6 | BH16: 13.557 | BI16: 103 | BJ16: 92 | BK16: 29.355 | BL16: -1.893 | BM16: -2 | BN16: 66 | BO16: 0.89 | BP16: 192 | BQ16: 2.5 | BR16: 0.0028 | BS16: 1.736 | BT16: 0.43 | BU16: 14 | BV16: 1032 | BW16: 0.032 | BX16: 862 | BY16: 1.32 | BZ16: 4.6 | CA16: 0.40514 | CB16: 0.91 | CC16: 0.8 | CD16: 2.42 | CE16: 3051 | CF16: 4411 | CG16: 2.39 | CH16: 64.43485 | CI16: 1 | CJ16: 4.667 | CK16: 6 | CL16: 4 | CM16: 29.58 | CN16: 0.391 | CO16: 1 | CP16: 203 | CQ16: 2.376 | CR16: 87 | CS16: 1.5 | CT16: 2.1 | CU16: 7.572 | CV16: 0.278 | CW16: 14 | CX16: 1153 | CY16: 0.068 | CZ16: 971 | DA16: 1.07 | DB16: 3.73 | DC16: 0.23831 | DD16: 1.01 | DE16: 0.89 | DF16: 2.85 | DG16: 4562 | DH16: 6912 | DI16: 2.64 | DJ16: 51.12083 | DK16: 1 | DL16: 26.451 | DM16: 7 | DN16: 5 | DO16: 28.24 | DP16: 2.216 | DQ16: 1 | DR16: 154 | DS16: 1.911 | DT16: 83 | DU16: 1.5 | DV16: 0.53 | DW16: 3.926 | DX16: 1.8 | DY16: 12 | DZ16: 1653 | EA16: 0.116 | EB16: 2540 | EC16: 1.39 | ED16: 2.92 | EE16: 0.45404 | EF16: 0.99 | EG16: 1.13 | EH16: 2 | EI16: 1064 | EJ16: 4207 | EK16: 8.2 | EL16: 52.335 | EM16: 2 | EN16: 4.333 | EO16: 11 | EP16: 10 | EQ16: 26.4 | ER16: 1.089 | ES16: 2 | ET16: 192 | EU16: 2.151 | EV16: 92 | EW16: 4.5 | EX16: 1.2 | EY16: 5.632 | EZ16: 8.7258256 | FB16: =EZ16 -> 8.7258256 | FD16: -1816.7239 | FE16: =FD16/M16 -> -7.5696827 | FF16: =FE16*1000 -> -7569.6827 | FG16: 4.03132 | FH16: 4.03152 | FI16: 4.1227433 | FJ16: 67.00429 | FK16: =FJ16/M16 -> 0.27918454 | FL16: =FJ16 -> 67.00429 | FN16: -1.09 | FO16: 2.01 | FP16: 3.1 | FQ16: =FP16+0.01 -> 3.11 | FR16: =FQ16-2.86 -> 0.25 | FS16: =IF(FR16<0,0,1) -> 1
A17: K24 Na24 Sr1 Nb48 O143 | B17: Nb | C17: 48 | D17: O | E17: 143 | F17: K | G17: 24 | H17: Na | I17: 24 | J17: Sr | K17: 1 | M17: =C17+E17+G17+I17+K17 -> 240 | P17: 1.92 | Q17: 14 | R17: 3573 | S17: 1.702 | T17: 8570 | U17: 0.95 | V17: 1.75 | W17: 0.19256 | X17: 1.23 | Y17: 2.03 | Z17: 4 | AA17: 1382 | AB17: 2416 | AC17: 26.8 | AD17: 36.28 | AE17: 5 | AF17: 24.442 | AG17: 58 | AH17: 50 | AI17: 24.48 | AJ17: 6.144 | AK17: 3 | AL17: 134 | AM17: 1.468 | AN17: 450 | AO17: 4.5 | AP17: 1.15 | AQ17: 1.807 | AR17: 0.232 | AS17: 1 | AT17: 90.19 | AU17: 0.011 | AV17: 2000 | AW17: 0.85 | AX17: 1.2 | AY17: 0.82902 | AZ17: 3.5 | BA17: 3.32 | BB17: 7.54 | BC17: 3388 | BD17: 5300 | BE17: 0.444 | BF17: 205.19507 | BG17: 6 | BH17: 13.557 | BI17: 103 | BJ17: 92 | BK17: 29.355 | BL17: -1.893 | BM17: -2 | BN17: 66 | BO17: 0.89 | BP17: 192 | BQ17: 2.5 | BR17: 0.0028 | BS17: 1.736 | BT17: 0.43 | BU17: 14 | BV17: 1032 | BW17: 0.032 | BX17: 862 | BY17: 1.32 | BZ17: 4.6 | CA17: 0.40514 | CB17: 0.91 | CC17: 0.8 | CD17: 2.42 | CE17: 3051 | CF17: 4411 | CG17: 2.39 | CH17: 64.43485 | CI17: 1 | CJ17: 4.667 | CK17: 6 | CL17: 4 | CM17: 29.58 | CN17: 0.391 | CO17: 1 | CP17: 203 | CQ17: 2.376 | CR17: 87 | CS17: 1.5 | CT17: 2.1 | CU17: 7.572 | CV17: 0.278 | CW17: 14 | CX17: 1153 | CY17: 0.068 | CZ17: 971 | DA17: 1.07 | DB17: 3.73 | DC17: 0.23831 | DD17: 1.01 | DE17: 0.89 | DF17: 2.85 | DG17: 4562 | DH17: 6912 | DI17: 2.64 | DJ17: 51.12083 | DK17: 1 | DL17: 26.451 | DM17: 7 | DN17: 5 | DO17: 28.24 | DP17: 2.216 | DQ17: 1 | DR17: 154 | DS17: 1.911 | DT17: 83 | DU17: 1.5 | DV17: 0.53 | DW17: 3.926 | DX17: 1.8 | DY17: 12 | DZ17: 1653 | EA17: 0.116 | EB17: 2540 | EC17: 1.39 | ED17: 2.92 | EE17: 0.45404 | EF17: 0.99 | EG17: 1.13 | EH17: 2 | EI17: 1064 | EJ17: 4207 | EK17: 8.2 | EL17: 52.335 | EM17: 2 | EN17: 4.333 | EO17: 11 | EP17: 10 | EQ17: 26.4 | ER17: 1.089 | ES17: 2 | ET17: 192 | EU17: 2.151 | EV17: 92 | EW17: 4.5 | EX17: 1.2 | EY17: 5.632 | EZ17: 6.5153436 | FB17: =EZ17 -> 6.5153436 | FD17: -1824.0787 | FE17: =FD17/M17 -> -7.6003281 | FF17: =FE17*1000 -> -7600.3281 | FG17: 4.0340875 | FH17: 4.03279 | FI17: 4.11973 | FJ17: 67.022332 | FK17: =FJ17/M17 -> 0.27925972 | FL17: =FJ17 -> 67.022332 | FN17: -0.96 | FO17: 2.07 | FP17: 3.03 | FQ17: =FP17+0.01 -> 3.04 | FR17: =FQ17-2.86 -> 0.18 | FS17: =IF(FR17<0,0,1) -> 1
A18: K22 Na24 Sr1 Nb48 O144 | B18: Nb | C18: 48 | D18: O | E18: 144 | F18: K | G18: 22 | H18: Na | I18: 24 | J18: Sr | K18: 1 | M18: =C18+E18+G18+I18+K18 -> 239 | P18: 1.92 | Q18: 14 | R18: 3573 | S18: 1.702 | T18: 8570 | U18: 0.95 | V18: 1.75 | W18: 0.19256 | X18: 1.23 | Y18: 2.03 | Z18: 4 | AA18: 1382 | AB18: 2416 | AC18: 26.8 | AD18: 36.28 | AE18: 5 | AF18: 24.442 | AG18: 58 | AH18: 50 | AI18: 24.48 | AJ18: 6.144 | AK18: 3 | AL18: 134 | AM18: 1.468 | AN18: 450 | AO18: 4.5 | AP18: 1.15 | AQ18: 1.807 | AR18: 0.232 | AS18: 1 | AT18: 90.19 | AU18: 0.011 | AV18: 2000 | AW18: 0.85 | AX18: 1.2 | AY18: 0.82902 | AZ18: 3.5 | BA18: 3.32 | BB18: 7.54 | BC18: 3388 | BD18: 5300 | BE18: 0.444 | BF18: 205.19507 | BG18: 6 | BH18: 13.557 | BI18: 103 | BJ18: 92 | BK18: 29.355 | BL18: -1.893 | BM18: -2 | BN18: 66 | BO18: 0.89 | BP18: 192 | BQ18: 2.5 | BR18: 0.0028 | BS18: 1.736 | BT18: 0.43 | BU18: 14 | BV18: 1032 | BW18: 0.032 | BX18: 862 | BY18: 1.32 | BZ18: 4.6 | CA18: 0.40514 | CB18: 0.91 | CC18: 0.8 | CD18: 2.42 | CE18: 3051 | CF18: 4411 | CG18: 2.39 | CH18: 64.43485 | CI18: 1 | CJ18: 4.667 | CK18: 6 | CL18: 4 | CM18: 29.58 | CN18: 0.391 | CO18: 1 | CP18: 203 | CQ18: 2.376 | CR18: 87 | CS18: 1.5 | CT18: 2.1 | CU18: 7.572 | CV18: 0.278 | CW18: 14 | CX18: 1153 | CY18: 0.068 | CZ18: 971 | DA18: 1.07 | DB18: 3.73 | DC18: 0.23831 | DD18: 1.01 | DE18: 0.89 | DF18: 2.85 | DG18: 4562 | DH18: 6912 | DI18: 2.64 | DJ18: 51.12083 | DK18: 1 | DL18: 26.451 | DM18: 7 | DN18: 5 | DO18: 28.24 | DP18: 2.216 | DQ18: 1 | DR18: 154 | DS18: 1.911 | DT18: 83 | DU18: 1.5 | DV18: 0.53 | DW18: 3.926 | DX18: 1.8 | DY18: 12 | DZ18: 1653 | EA18: 0.116 | EB18: 2540 | EC18: 1.39 | ED18: 2.92 | EE18: 0.45404 | EF18: 0.99 | EG18: 1.13 | EH18: 2 | EI18: 1064 | EJ18: 4207 | EK18: 8.2 | EL18: 52.335 | EM18: 2 | EN18: 4.333 | EO18: 11 | EP18: 10 | EQ18: 26.4 | ER18: 1.089 | ES18: 2 | ET18: 192 | EU18: 2.151 | EV18: 92 | EW18: 4.5 | EX18: 1.2 | EY18: 5.632 | EZ18: 1.5744797 | FA18: 0.03280166 | FC18: =EZ18 -> 1.5744797 | FD18: -1833.2645 | FE18: =FD18/M18 -> -7.6705628 | FF18: =FE18*1000 -> -7670.5628 | FG18: 4.0068175 | FH18: 4.0066625 | FI18: 4.1260467 | FJ18: 66.239347 | FK18: =FJ18/M18 -> 0.27715208 | FM18: =FJ18 -> 66.239347 | FN18: -0.94 | FO18: 2.04 | FP18: 2.98 | FQ18: =FP18+0.01 -> 2.99 | FR18: =FQ18-2.86 -> 0.13 | FS18: =IF(FR18<0,0,1) -> 1
A19: K23 Na23 Sr1 Nb48 O144 | B19: Nb | C19: 48 | D19: O | E19: 144 | F19: K | G19: 23 | H19: Na | I19: 23 | J19: Sr | K19: 1 | M19: =C19+E19+G19+I19+K19 -> 239 | P19: 1.92 | Q19: 14 | R19: 3573 | S19: 1.702 | T19: 8570 | U19: 0.95 | V19: 1.75 | W19: 0.19256 | X19: 1.23 | Y19: 2.03 | Z19: 4 | AA19: 1382 | AB19: 2416 | AC19: 26.8 | AD19: 36.28 | AE19: 5 | AF19: 24.442 | AG19: 58 | AH19: 50 | AI19: 24.48 | AJ19: 6.144 | AK19: 3 | AL19: 134 | AM19: 1.468 | AN19: 450 | AO19: 4.5 | AP19: 1.15 | AQ19: 1.807 | AR19: 0.232 | AS19: 1 | AT19: 90.19 | AU19: 0.011 | AV19: 2000 | AW19: 0.85 | AX19: 1.2 | AY19: 0.82902 | AZ19: 3.5 | BA19: 3.32 | BB19: 7.54 | BC19: 3388 | BD19: 5300 | BE19: 0.444 | BF19: 205.19507 | BG19: 6 | BH19: 13.557 | BI19: 103 | BJ19: 92 | BK19: 29.355 | BL19: -1.893 | BM19: -2 | BN19: 66 | BO19: 0.89 | BP19: 192 | BQ19: 2.5 | BR19: 0.0028 | BS19: 1.736 | BT19: 0.43 | BU19: 14 | BV19: 1032 | BW19: 0.032 | BX19: 862 | BY19: 1.32 | BZ19: 4.6 | CA19: 0.40514 | CB19: 0.91 | CC19: 0.8 | CD19: 2.42 | CE19: 3051 | CF19: 4411 | CG19: 2.39 | CH19: 64.43485 | CI19: 1 | CJ19: 4.667 | CK19: 6 | CL19: 4 | CM19: 29.58 | CN19: 0.391 | CO19: 1 | CP19: 203 | CQ19: 2.376 | CR19: 87 | CS19: 1.5 | CT19: 2.1 | CU19: 7.572 | CV19: 0.278 | CW19: 14 | CX19: 1153 | CY19: 0.068 | CZ19: 971 | DA19: 1.07 | DB19: 3.73 | DC19: 0.23831 | DD19: 1.01 | DE19: 0.89 | DF19: 2.85 | DG19: 4562 | DH19: 6912 | DI19: 2.64 | DJ19: 51.12083 | DK19: 1 | DL19: 26.451 | DM19: 7 | DN19: 5 | DO19: 28.24 | DP19: 2.216 | DQ19: 1 | DR19: 154 | DS19: 1.911 | DT19: 83 | DU19: 1.5 | DV19: 0.53 | DW19: 3.926 | DX19: 1.8 | DY19: 12 | DZ19: 1653 | EA19: 0.116 | EB19: 2540 | EC19: 1.39 | ED19: 2.92 | EE19: 0.45404 | EF19: 0.99 | EG19: 1.13 | EH19: 2 | EI19: 1064 | EJ19: 4207 | EK19: 8.2 | EL19: 52.335 | EM19: 2 | EN19: 4.333 | EO19: 11 | EP19: 10 | EQ19: 26.4 | ER19: 1.089 | ES19: 2 | ET19: 192 | EU19: 2.151 | EV19: 92 | EW19: 4.5 | EX19: 1.2 | EY19: 5.632 | EZ19: 1.3216785 | FA19: 0.02753497 | FC19: =EZ19 -> 1.3216785 | FD19: -1833.2331 | FE19: =FD19/M19 -> -7.6704313 | FF19: =FE19*1000 -> -7670.4313 | FG19: 4.00691 | FH19: 4.0063775 | FI19: 4.1384233 | FJ19: 66.434918 | FK19: =FJ19/M19 -> 0.27797037 | FM19: =FJ19 -> 66.434918 | FN19: -0.95 | FO19: 2.06 | FP19: 3.01 | FQ19: =FP19+0.01 -> 3.02 | FR19: =FQ19-2.86 -> 0.16 | FS19: =IF(FR19<0,0,1) -> 1
A20: K23 Na24 Sr1 Nb47 O144 | B20: Nb | C20: 47 | D20: O | E20: 144 | F20: K | G20: 23 | H20: Na | I20: 24 | J20: Sr | K20: 1 | M20: =C20+E20+G20+I20+K20 -> 239 | P20: 1.92 | Q20: 14 | R20: 3573 | S20: 1.702 | T20: 8570 | U20: 0.95 | V20: 1.75 | W20: 0.19256 | X20: 1.23 | Y20: 2.03 | Z20: 4 | AA20: 1382 | AB20: 2416 | AC20: 26.8 | AD20: 36.28 | AE20: 5 | AF20: 24.442 | AG20: 58 | AH20: 50 | AI20: 24.48 | AJ20: 6.144 | AK20: 3 | AL20: 134 | AM20: 1.468 | AN20: 450 | AO20: 4.5 | AP20: 1.15 | AQ20: 1.807 | AR20: 0.232 | AS20: 1 | AT20: 90.19 | AU20: 0.011 | AV20: 2000 | AW20: 0.85 | AX20: 1.2 | AY20: 0.82902 | AZ20: 3.5 | BA20: 3.32 | BB20: 7.54 | BC20: 3388 | BD20: 5300 | BE20: 0.444 | BF20: 205.19507 | BG20: 6 | BH20: 13.557 | BI20: 103 | BJ20: 92 | BK20: 29.355 | BL20: -1.893 | BM20: -2 | BN20: 66 | BO20: 0.89 | BP20: 192 | BQ20: 2.5 | BR20: 0.0028 | BS20: 1.736 | BT20: 0.43 | BU20: 14 | BV20: 1032 | BW20: 0.032 | BX20: 862 | BY20: 1.32 | BZ20: 4.6 | CA20: 0.40514 | CB20: 0.91 | CC20: 0.8 | CD20: 2.42 | CE20: 3051 | CF20: 4411 | CG20: 2.39 | CH20: 64.43485 | CI20: 1 | CJ20: 4.667 | CK20: 6 | CL20: 4 | CM20: 29.58 | CN20: 0.391 | CO20: 1 | CP20: 203 | CQ20: 2.376 | CR20: 87 | CS20: 1.5 | CT20: 2.1 | CU20: 7.572 | CV20: 0.278 | CW20: 14 | CX20: 1153 | CY20: 0.068 | CZ20: 971 | DA20: 1.07 | DB20: 3.73 | DC20: 0.23831 | DD20: 1.01 | DE20: 0.89 | DF20: 2.85 | DG20: 4562 | DH20: 6912 | DI20: 2.64 | DJ20: 51.12083 | DK20: 1 | DL20: 26.451 | DM20: 7 | DN20: 5 | DO20: 28.24 | DP20: 2.216 | DQ20: 1 | DR20: 154 | DS20: 1.911 | DT20: 83 | DU20: 1.5 | DV20: 0.53 | DW20: 3.926 | DX20: 1.8 | DY20: 12 | DZ20: 1653 | EA20: 0.116 | EB20: 2540 | EC20: 1.39 | ED20: 2.92 | EE20: 0.45404 | EF20: 0.99 | EG20: 1.13 | EH20: 2 | EI20: 1064 | EJ20: 4207 | EK20: 8.2 | EL20: 52.335 | EM20: 2 | EN20: 4.333 | EO20: 11 | EP20: 10 | EQ20: 26.4 | ER20: 1.089 | ES20: 2 | ET20: 192 | EU20: 2.151 | EV20: 92 | EW20: 4.5 | EX20: 1.2 | EY20: 5.632 | EZ20: 12.66727 | FA20: 0.26390145 | FC20: =EZ20 -> 12.66727 | FD20: -1813.1059 | FE20: =FD20/M20 -> -7.5862172 | FF20: =FE20*1000 -> -7586.2172 | FG20: 4.00535 | FH20: 4.0055625 | FI20: 4.1329767 | FJ20: 66.308161 | FK20: =FJ20/M20 -> 0.27744 | FM20: =FJ20 -> 66.308161 | FN20: -1.13 | FO20: 2.21 | FP20: 3.34 | FQ20: =FP20+0.01 -> 3.35 | FR20: =FQ20-2.86 -> 0.49 | FS20: =IF(FR20<0,0,1) -> 1
A21: K23 Na24 Sr1 Nb48 O143 | B21: Nb | C21: 48 | D21: O | E21: 143 | F21: K | G21: 23 | H21: Na | I21: 24 | J21: Sr | K21: 1 | M21: =C21+E21+G21+I21+K21 -> 239 | P21: 1.92 | Q21: 14 | R21: 3573 | S21: 1.702 | T21: 8570 | U21: 0.95 | V21: 1.75 | W21: 0.19256 | X21: 1.23 | Y21: 2.03 | Z21: 4 | AA21: 1382 | AB21: 2416 | AC21: 26.8 | AD21: 36.28 | AE21: 5 | AF21: 24.442 | AG21: 58 | AH21: 50 | AI21: 24.48 | AJ21: 6.144 | AK21: 3 | AL21: 134 | AM21: 1.468 | AN21: 450 | AO21: 4.5 | AP21: 1.15 | AQ21: 1.807 | AR21: 0.232 | AS21: 1 | AT21: 90.19 | AU21: 0.011 | AV21: 2000 | AW21: 0.85 | AX21: 1.2 | AY21: 0.82902 | AZ21: 3.5 | BA21: 3.32 | BB21: 7.54 | BC21: 3388 | BD21: 5300 | BE21: 0.444 | BF21: 205.19507 | BG21: 6 | BH21: 13.557 | BI21: 103 | BJ21: 92 | BK21: 29.355 | BL21: -1.893 | BM21: -2 | BN21: 66 | BO21: 0.89 | BP21: 192 | BQ21: 2.5 | BR21: 0.0028 | BS21: 1.736 | BT21: 0.43 | BU21: 14 | BV21: 1032 | BW21: 0.032 | BX21: 862 | BY21: 1.32 | BZ21: 4.6 | CA21: 0.40514 | CB21: 0.91 | CC21: 0.8 | CD21: 2.42 | CE21: 3051 | CF21: 4411 | CG21: 2.39 | CH21: 64.43485 | CI21: 1 | CJ21: 4.667 | CK21: 6 | CL21: 4 | CM21: 29.58 | CN21: 0.391 | CO21: 1 | CP21: 203 | CQ21: 2.376 | CR21: 87 | CS21: 1.5 | CT21: 2.1 | CU21: 7.572 | CV21: 0.278 | CW21: 14 | CX21: 1153 | CY21: 0.068 | CZ21: 971 | DA21: 1.07 | DB21: 3.73 | DC21: 0.23831 | DD21: 1.01 | DE21: 0.89 | DF21: 2.85 | DG21: 4562 | DH21: 6912 | DI21: 2.64 | DJ21: 51.12083 | DK21: 1 | DL21: 26.451 | DM21: 7 | DN21: 5 | DO21: 28.24 | DP21: 2.216 | DQ21: 1 | DR21: 154 | DS21: 1.911 | DT21: 83 | DU21: 1.5 | DV21: 0.53 | DW21: 3.926 | DX21: 1.8 | DY21: 12 | DZ21: 1653 | EA21: 0.116 | EB21: 2540 | EC21: 1.39 | ED21: 2.92 | EE21: 0.45404 | EF21: 0.99 | EG21: 1.13 | EH21: 2 | EI21: 1064 | EJ21: 4207 | EK21: 8.2 | EL21: 52.335 | EM21: 2 | EN21: 4.333 | EO21: 11 | EP21: 10 | EQ21: 26.4 | ER21: 1.089 | ES21: 2 | ET21: 192 | EU21: 2.151 | EV21: 92 | EW21: 4.5 | EX21: 1.2 | EY21: 5.632 | EZ21: 3.2692766 | FA21: 0.068109928 | FC21: =EZ21 -> 3.2692766 | FD21: -1827.6483 | FE21: =FD21/M21 -> -7.647064 | FF21: =FE21*1000 -> -7647.064 | FG21: 4.008095 | FH21: 4.010075 | FI21: 4.12466 | FJ21: 66.294686 | FK21: =FJ21/M21 -> 0.27738363 | FM21: =FJ21 -> 66.294686 | FN21: -0.96 | FO21: 2.17 | FP21: 3.13 | FQ21: =FP21+0.01 -> 3.14 | FR21: =FQ21-2.86 -> 0.28 | FS21: =IF(FR21<0,0,1) -> 1
A22: K23 Na23 Sr1 Nb48 O144 | B22: Nb | C22: 48 | D22: O | E22: 144 | F22: K | G22: 23 | H22: Na | I22: 23 | J22: Sr | K22: 1 | M22: =C22+E22+G22+I22+K22 -> 239 | P22: 1.92 | Q22: 14 | R22: 3573 | S22: 1.702 | T22: 8570 | U22: 0.95 | V22: 1.75 | W22: 0.19256 | X22: 1.23 | Y22: 2.03 | Z22: 4 | AA22: 1382 | AB22: 2416 | AC22: 26.8 | AD22: 36.28 | AE22: 5 | AF22: 24.442 | AG22: 58 | AH22: 50 | AI22: 24.48 | AJ22: 6.144 | AK22: 3 | AL22: 134 | AM22: 1.468 | AN22: 450 | AO22: 4.5 | AP22: 1.15 | AQ22: 1.807 | AR22: 0.232 | AS22: 1 | AT22: 90.19 | AU22: 0.011 | AV22: 2000 | AW22: 0.85 | AX22: 1.2 | AY22: 0.82902 | AZ22: 3.5 | BA22: 3.32 | BB22: 7.54 | BC22: 3388 | BD22: 5300 | BE22: 0.444 | BF22: 205.19507 | BG22: 6 | BH22: 13.557 | BI22: 103 | BJ22: 92 | BK22: 29.355 | BL22: -1.893 | BM22: -2 | BN22: 66 | BO22: 0.89 | BP22: 192 | BQ22: 2.5 | BR22: 0.0028 | BS22: 1.736 | BT22: 0.43 | BU22: 14 | BV22: 1032 | BW22: 0.032 | BX22: 862 | BY22: 1.32 | BZ22: 4.6 | CA22: 0.40514 | CB22: 0.91 | CC22: 0.8 | CD22: 2.42 | CE22: 3051 | CF22: 4411 | CG22: 2.39 | CH22: 64.43485 | CI22: 1 | CJ22: 4.667 | CK22: 6 | CL22: 4 | CM22: 29.58 | CN22: 0.391 | CO22: 1 | CP22: 203 | CQ22: 2.376 | CR22: 87 | CS22: 1.5 | CT22: 2.1 | CU22: 7.572 | CV22: 0.278 | CW22: 14 | CX22: 1153 | CY22: 0.068 | CZ22: 971 | DA22: 1.07 | DB22: 3.73 | DC22: 0.23831 | DD22: 1.01 | DE22: 0.89 | DF22: 2.85 | DG22: 4562 | DH22: 6912 | DI22: 2.64 | DJ22: 51.12083 | DK22: 1 | DL22: 26.451 | DM22: 7 | DN22: 5 | DO22: 28.24 | DP22: 2.216 | DQ22: 1 | DR22: 154 | DS22: 1.911 | DT22: 83 | DU22: 1.5 | DV22: 0.53 | DW22: 3.926 | DX22: 1.8 | DY22: 12 | DZ22: 1653 | EA22: 0.116 | EB22: 2540 | EC22: 1.39 | ED22: 2.92 | EE22: 0.45404 | EF22: 0.99 | EG22: 1.13 | EH22: 2 | EI22: 1064 | EJ22: 4207 | EK22: 8.2 | EL22: 52.335 | EM22: 2 | EN22: 4.333 | EO22: 11 | EP22: 10 | EQ22: 26.4 | ER22: 1.089 | ES22: 2 | ET22: 192 | EU22: 2.151 | EV22: 92 | EW22: 4.5 | EX22: 1.2 | EY22: 5.632 | EZ22: 1.8072797 | FA22: 0.03765166 | FC22: =EZ22 -> 1.8072797 | FD22: -1832.9948 | FE22: =FD22/M22 -> -7.6694344 | FF22: =FE22*1000 -> -7669.4344 | FG22: 4.00549 | FH22: 4.0049425 | FI22: 4.14037 | FJ22: 66.418784 | FK22: =FJ22/M22 -> 0.27790286 | FM22: =FJ22 -> 66.418784 | FN22: -0.99 | FO22: 2.13 | FP22: 3.12 | FQ22: =FP22+0.01 -> 3.13 | FR22: =FQ22-2.86 -> 0.27 | FS22: =IF(FR22<0,0,1) -> 1
A23: K24 Na22 Sr1 Nb48 O144 | B23: Nb | C23: 48 | D23: O | E23: 144 | F23: K | G23: 24 | H23: Na | I23: 22 | J23: Sr | K23: 1 | M23: =C23+E23+G23+I23+K23 -> 239 | P23: 1.92 | Q23: 14 | R23: 3573 | S23: 1.702 | T23: 8570 | U23: 0.95 | V23: 1.75 | W23: 0.19256 | X23: 1.23 | Y23: 2.03 | Z23: 4 | AA23: 1382 | AB23: 2416 | AC23: 26.8 | AD23: 36.28 | AE23: 5 | AF23: 24.442 | AG23: 58 | AH23: 50 | AI23: 24.48 | AJ23: 6.144 | AK23: 3 | AL23: 134 | AM23: 1.468 | AN23: 450 | AO23: 4.5 | AP23: 1.15 | AQ23: 1.807 | AR23: 0.232 | AS23: 1 | AT23: 90.19 | AU23: 0.011 | AV23: 2000 | AW23: 0.85 | AX23: 1.2 | AY23: 0.82902 | AZ23: 3.5 | BA23: 3.32 | BB23: 7.54 | BC23: 3388 | BD23: 5300 | BE23: 0.444 | BF23: 205.19507 | BG23: 6 | BH23: 13.557 | BI23: 103 | BJ23: 92 | BK23: 29.355 | BL23: -1.893 | BM23: -2 | BN23: 66 | BO23: 0.89 | BP23: 192 | BQ23: 2.5 | BR23: 0.0028 | BS23: 1.736 | BT23: 0.43 | BU23: 14 | BV23: 1032 | BW23: 0.032 | BX23: 862 | BY23: 1.32 | BZ23: 4.6 | CA23: 0.40514 | CB23: 0.91 | CC23: 0.8 | CD23: 2.42 | CE23: 3051 | CF23: 4411 | CG23: 2.39 | CH23: 64.43485 | CI23: 1 | CJ23: 4.667 | CK23: 6 | CL23: 4 | CM23: 29.58 | CN23: 0.391 | CO23: 1 | CP23: 203 | CQ23: 2.376 | CR23: 87 | CS23: 1.5 | CT23: 2.1 | CU23: 7.572 | CV23: 0.278 | CW23: 14 | CX23: 1153 | CY23: 0.068 | CZ23: 971 | DA23: 1.07 | DB23: 3.73 | DC23: 0.23831 | DD23: 1.01 | DE23: 0.89 | DF23: 2.85 | DG23: 4562 | DH23: 6912 | DI23: 2.64 | DJ23: 51.12083 | DK23: 1 | DL23: 26.451 | DM23: 7 | DN23: 5 | DO23: 28.24 | DP23: 2.216 | DQ23: 1 | DR23: 154 | DS23: 1.911 | DT23: 83 | DU23: 1.5 | DV23: 0.53 | DW23: 3.926 | DX23: 1.8 | DY23: 12 | DZ23: 1653 | EA23: 0.116 | EB23: 2540 | EC23: 1.39 | ED23: 2.92 | EE23: 0.45404 | EF23: 0.99 | EG23: 1.13 | EH23: 2 | EI23: 1064 | EJ23: 4207 | EK23: 8.2 | EL23: 52.335 | EM23: 2 | EN23: 4.333 | EO23: 11 | EP23: 10 | EQ23: 26.4 | ER23: 1.089 | ES23: 2 | ET23: 192 | EU23: 2.151 | EV23: 92 | EW23: 4.5 | EX23: 1.2 | EY23: 5.632 | EZ23: 1.4195546 | FA23: 0.029574053 | FC23: =EZ23 -> 1.4195546 | FD23: -1833.0983 | FE23: =FD23/M23 -> -7.6698675 | FF23: =FE23*1000 -> -7669.8675 | FG23: 4.00643 | FH23: 4.00631 | FI23: 4.16878 | FJ23: 66.913085 | FK23: =FJ23/M23 -> 0.27997107 | FM23: =FJ23 -> 66.913085 | FN23: -1.01 | FO23: 2 | FP23: 3.01 | FQ23: =FP23+0.01 -> 3.02 | FR23: =FQ23-2.86 -> 0.16 | FS23: =IF(FR23<0,0,1) -> 1
A24: K24 Na23 Sr1 Nb47 O144 | B24: Nb | C24: 47 | D24: O | E24: 144 | F24: K | G24: 24 | H24: Na | I24: 23 | J24: Sr | K24: 1 | M24: =C24+E24+G24+I24+K24 -> 239 | P24: 1.92 | Q24: 14 | R24: 3573 | S24: 1.702 | T24: 8570 | U24: 0.95 | V24: 1.75 | W24: 0.19256 | X24: 1.23 | Y24: 2.03 | Z24: 4 | AA24: 1382 | AB24: 2416 | AC24: 26.8 | AD24: 36.28 | AE24: 5 | AF24: 24.442 | AG24: 58 | AH24: 50 | AI24: 24.48 | AJ24: 6.144 | AK24: 3 | AL24: 134 | AM24: 1.468 | AN24: 450 | AO24: 4.5 | AP24: 1.15 | AQ24: 1.807 | AR24: 0.232 | AS24: 1 | AT24: 90.19 | AU24: 0.011 | AV24: 2000 | AW24: 0.85 | AX24: 1.2 | AY24: 0.82902 | AZ24: 3.5 | BA24: 3.32 | BB24: 7.54 | BC24: 3388 | BD24: 5300 | BE24: 0.444 | BF24: 205.19507 | BG24: 6 | BH24: 13.557 | BI24: 103 | BJ24: 92 | BK24: 29.355 | BL24: -1.893 | BM24: -2 | BN24: 66 | BO24: 0.89 | BP24: 192 | BQ24: 2.5 | BR24: 0.0028 | BS24: 1.736 | BT24: 0.43 | BU24: 14 | BV24: 1032 | BW24: 0.032 | BX24: 862 | BY24: 1.32 | BZ24: 4.6 | CA24: 0.40514 | CB24: 0.91 | CC24: 0.8 | CD24: 2.42 | CE24: 3051 | CF24: 4411 | CG24: 2.39 | CH24: 64.43485 | CI24: 1 | CJ24: 4.667 | CK24: 6 | CL24: 4 | CM24: 29.58 | CN24: 0.391 | CO24: 1 | CP24: 203 | CQ24: 2.376 | CR24: 87 | CS24: 1.5 | CT24: 2.1 | CU24: 7.572 | CV24: 0.278 | CW24: 14 | CX24: 1153 | CY24: 0.068 | CZ24: 971 | DA24: 1.07 | DB24: 3.73 | DC24: 0.23831 | DD24: 1.01 | DE24: 0.89 | DF24: 2.85 | DG24: 4562 | DH24: 6912 | DI24: 2.64 | DJ24: 51.12083 | DK24: 1 | DL24: 26.451 | DM24: 7 | DN24: 5 | DO24: 28.24 | DP24: 2.216 | DQ24: 1 | DR24: 154 | DS24: 1.911 | DT24: 83 | DU24: 1.5 | DV24: 0.53 | DW24: 3.926 | DX24: 1.8 | DY24: 12 | DZ24: 1653 | EA24: 0.116 | EB24: 2540 | EC24: 1.39 | ED24: 2.92 | EE24: 0.45404 | EF24: 0.99 | EG24: 1.13 | EH24: 2 | EI24: 1064 | EJ24: 4207 | EK24: 8.2 | EL24: 52.335 | EM24: 2 | EN24: 4.333 | EO24: 11 | EP24: 10 | EQ24: 26.4 | ER24: 1.089 | ES24: 2 | ET24: 192 | EU24: 2.151 | EV24: 92 | EW24: 4.5 | EX24: 1.2 | EY24: 5.632 | EZ24: 13.762687 | FA24: 0.28672264 | FC24: =EZ24 -> 13.762687 | FD24: -1811.9736 | FE24: =FD24/M24 -> -7.5814796 | FF24: =FE24*1000 -> -7581.4796 | FG24: 4.00962 | FH24: 4.010485 | FI24: 4.1245933 | FJ24: 66.325559 | FK24: =FJ24/M24 -> 0.2775128 | FM24: =FJ24 -> 66.325559 | FN24: -1.07 | FO24: 1.9 | FP24: 2.97 | FQ24: =FP24+0.01 -> 2.98 | FR24: =FQ24-2.86 -> 0.12 | FS24: =IF(FR24<0,0,1) -> 1
A25: K24 Na23 Sr1 Nb48 O143 | B25: Nb | C25: 48 | D25: O | E25: 143 | F25: K | G25: 24 | H25: Na | I25: 23 | J25: Sr | K25: 1 | M25: =C25+E25+G25+I25+K25 -> 239 | P25: 1.92 | Q25: 14 | R25: 3573 | S25: 1.702 | T25: 8570 | U25: 0.95 | V25: 1.75 | W25: 0.19256 | X25: 1.23 | Y25: 2.03 | Z25: 4 | AA25: 1382 | AB25: 2416 | AC25: 26.8 | AD25: 36.28 | AE25: 5 | AF25: 24.442 | AG25: 58 | AH25: 50 | AI25: 24.48 | AJ25: 6.144 | AK25: 3 | AL25: 134 | AM25: 1.468 | AN25: 450 | AO25: 4.5 | AP25: 1.15 | AQ25: 1.807 | AR25: 0.232 | AS25: 1 | AT25: 90.19 | AU25: 0.011 | AV25: 2000 | AW25: 0.85 | AX25: 1.2 | AY25: 0.82902 | AZ25: 3.5 | BA25: 3.32 | BB25: 7.54 | BC25: 3388 | BD25: 5300 | BE25: 0.444 | BF25: 205.19507 | BG25: 6 | BH25: 13.557 | BI25: 103 | BJ25: 92 | BK25: 29.355 | BL25: -1.893 | BM25: -2 | BN25: 66 | BO25: 0.89 | BP25: 192 | BQ25: 2.5 | BR25: 0.0028 | BS25: 1.736 | BT25: 0.43 | BU25: 14 | BV25: 1032 | BW25: 0.032 | BX25: 862 | BY25: 1.32 | BZ25: 4.6 | CA25: 0.40514 | CB25: 0.91 | CC25: 0.8 | CD25: 2.42 | CE25: 3051 | CF25: 4411 | CG25: 2.39 | CH25: 64.43485 | CI25: 1 | CJ25: 4.667 | CK25: 6 | CL25: 4 | CM25: 29.58 | CN25: 0.391 | CO25: 1 | CP25: 203 | CQ25: 2.376 | CR25: 87 | CS25: 1.5 | CT25: 2.1 | CU25: 7.572 | CV25: 0.278 | CW25: 14 | CX25: 1153 | CY25: 0.068 | CZ25: 971 | DA25: 1.07 | DB25: 3.73 | DC25: 0.23831 | DD25: 1.01 | DE25: 0.89 | DF25: 2.85 | DG25: 4562 | DH25: 6912 | DI25: 2.64 | DJ25: 51.12083 | DK25: 1 | DL25: 26.451 | DM25: 7 | DN25: 5 | DO25: 28.24 | DP25: 2.216 | DQ25: 1 | DR25: 154 | DS25: 1.911 | DT25: 83 | DU25: 1.5 | DV25: 0.53 | DW25: 3.926 | DX25: 1.8 | DY25: 12 | DZ25: 1653 | EA25: 0.116 | EB25: 2540 | EC25: 1.39 | ED25: 2.92 | EE25: 0.45404 | EF25: 0.99 | EG25: 1.13 | EH25: 2 | EI25: 1064 | EJ25: 4207 | EK25: 8.2 | EL25: 52.335 | EM25: 2 | EN25: 4.333 | EO25: 11 | EP25: 10 | EQ25: 26.4 | ER25: 1.089 | ES25: 2 | ET25: 192 | EU25: 2.151 | EV25: 92 | EW25: 4.5 | EX25: 1.2 | EY25: 5.632 | EZ25: 4.6570796 | FA25: 0.097022491 | FC25: =EZ25 -> 4.6570796 | FD25: -1826.2236 | FE25: =FD25/M25 -> -7.641103 | FF25: =FE25*1000 -> -7641.103 | FG25: 4.00647 | FH25: 4.007005 | FI25: 4.1307133 | FJ25: 66.314218 | FK25: =FJ25/M25 -> 0.27746535 | FM25: =FJ25 -> 66.314218 | FN25: -0.92 | FO25: 2.18 | FP25: 3.1 | FQ25: =FP25+0.01 -> 3.11 | FR25: =FQ25-2.86 -> 0.25 | FS25: =IF(FR25<0,0,1) -> 1
A26: K23 Na24 Mg1 Nb48 O144 | B26: Nb | C26: 48 | D26: O | E26: 144 | F26: K | G26: 23 | H26: Na | I26: 24 | J26: Mg | K26: 1 | M26: =C26+E26+G26+I26+K26 -> 240 | P26: 1.92 | Q26: 14 | R26: 3573 | S26: 1.702 | T26: 8570 | U26: 0.95 | V26: 1.75 | W26: 0.19256 | X26: 1.23 | Y26: 2.03 | Z26: 4 | AA26: 1382 | AB26: 2416 | AC26: 26.8 | AD26: 36.28 | AE26: 5 | AF26: 24.442 | AG26: 58 | AH26: 50 | AI26: 24.48 | AJ26: 6.144 | AK26: 3 | AL26: 134 | AM26: 1.468 | AN26: 450 | AO26: 4.5 | AP26: 1.15 | AQ26: 1.807 | AR26: 0.232 | AS26: 1 | AT26: 90.19 | AU26: 0.011 | AV26: 2000 | AW26: 0.85 | AX26: 1.2 | AY26: 0.82902 | AZ26: 3.5 | BA26: 3.32 | BB26: 7.54 | BC26: 3388 | BD26: 5300 | BE26: 0.444 | BF26: 205.19507 | BG26: 6 | BH26: 13.557 | BI26: 103 | BJ26: 92 | BK26: 29.355 | BL26: -1.893 | BM26: -2 | BN26: 66 | BO26: 0.89 | BP26: 192 | BQ26: 2.5 | BR26: 0.0028 | BS26: 1.736 | BT26: 0.43 | BU26: 14 | BV26: 1032 | BW26: 0.032 | BX26: 862 | BY26: 1.32 | BZ26: 4.6 | CA26: 0.40514 | CB26: 0.91 | CC26: 0.8 | CD26: 2.42 | CE26: 3051 | CF26: 4411 | CG26: 2.39 | CH26: 64.43485 | CI26: 1 | CJ26: 4.667 | CK26: 6 | CL26: 4 | CM26: 29.58 | CN26: 0.391 | CO26: 1 | CP26: 203 | CQ26: 2.376 | CR26: 87 | CS26: 1.5 | CT26: 2.1 | CU26: 7.572 | CV26: 0.278 | CW26: 14 | CX26: 1153 | CY26: 0.068 | CZ26: 971 | DA26: 1.07 | DB26: 3.73 | DC26: 0.23831 | DD26: 1.01 | DE26: 0.89 | DF26: 2.85 | DG26: 4562 | DH26: 6912 | DI26: 2.64 | DJ26: 51.12083 | DK26: 1 | DL26: 26.451 | DM26: 7 | DN26: 5 | DO26: 28.24 | DP26: 2.216 | DQ26: 1 | DR26: 154 | DS26: 1.911 | DT26: 83 | DU26: 1.5 | DV26: 0.53 | DW26: 3.926 | DX26: 0.288 | DY26: 12 | DZ26: 1363 | EA26: 0.354 | EB26: 1738 | EC26: 1.09 | ED26: 2.3 | EE26: 0.12601 | EF26: 1.23 | EG26: 1.31 | EH26: 8.3 | EI26: 1451 | EJ26: 7733 | EK26: 8.9 | EL26: 32.69891 | EM26: 2 | EN26: 6.12 | EO26: 13 | EP26: 12 | EQ26: 24.869 | ER26: 0.855 | ES26: 2 | ET26: 136 | EU26: 1602 | EV26: 98 | EW26: 2.5 | EX26: 0.063 | EY26: 2.324 | EZ26: 1.3038605 | FB26: =EZ26 -> 1.3038605 | FD26: -1833.0862 | FE26: =FD26/M26 -> -7.6378592 | FF26: =FE26*1000 -> -7637.8592 | FG26: 4.0325175 | FH26: 4.031555 | FI26: 4.1186433 | FJ26: 66.958087 | FK26: =FJ26/M26 -> 0.27899203 | FL26: =FJ26 -> 66.958087 | FN26: -0.91 | FO26: 1.87 | FP26: 2.78 | FQ26: =FP26+0.01 -> 2.79 | FR26: =FQ26-2.86 -> -0.07 | FS26: =IF(FR26<0,0,1) -> 0
A27: K24 Na23 Mg1 Nb48 O144 | B27: Nb | C27: 48 | D27: O | E27: 144 | F27: K | G27: 24 | H27: Na | I27: 23 | J27: Mg | K27: 1 | M27: =C27+E27+G27+I27+K27 -> 240 | P27: 1.92 | Q27: 14 | R27: 3573 | S27: 1.702 | T27: 8570 | U27: 0.95 | V27: 1.75 | W27: 0.19256 | X27: 1.23 | Y27: 2.03 | Z27: 4 | AA27: 1382 | AB27: 2416 | AC27: 26.8 | AD27: 36.28 | AE27: 5 | AF27: 24.442 | AG27: 58 | AH27: 50 | AI27: 24.48 | AJ27: 6.144 | AK27: 3 | AL27: 134 | AM27: 1.468 | AN27: 450 | AO27: 4.5 | AP27: 1.15 | AQ27: 1.807 | AR27: 0.232 | AS27: 1 | AT27: 90.19 | AU27: 0.011 | AV27: 2000 | AW27: 0.85 | AX27: 1.2 | AY27: 0.82902 | AZ27: 3.5 | BA27: 3.32 | BB27: 7.54 | BC27: 3388 | BD27: 5300 | BE27: 0.444 | BF27: 205.19507 | BG27: 6 | BH27: 13.557 | BI27: 103 | BJ27: 92 | BK27: 29.355 | BL27: -1.893 | BM27: -2 | BN27: 66 | BO27: 0.89 | BP27: 192 | BQ27: 2.5 | BR27: 0.0028 | BS27: 1.736 | BT27: 0.43 | BU27: 14 | BV27: 1032 | BW27: 0.032 | BX27: 862 | BY27: 1.32 | BZ27: 4.6 | CA27: 0.40514 | CB27: 0.91 | CC27: 0.8 | CD27: 2.42 | CE27: 3051 | CF27: 4411 | CG27: 2.39 | CH27: 64.43485 | CI27: 1 | CJ27: 4.667 | CK27: 6 | CL27: 4 | CM27: 29.58 | CN27: 0.391 | CO27: 1 | CP27: 203 | CQ27: 2.376 | CR27: 87 | CS27: 1.5 | CT27: 2.1 | CU27: 7.572 | CV27: 0.278 | CW27: 14 | CX27: 1153 | CY27: 0.068 | CZ27: 971 | DA27: 1.07 | DB27: 3.73 | DC27: 0.23831 | DD27: 1.01 | DE27: 0.89 | DF27: 2.85 | DG27: 4562 | DH27: 6912 | DI27: 2.64 | DJ27: 51.12083 | DK27: 1 | DL27: 26.451 | DM27: 7 | DN27: 5 | DO27: 28.24 | DP27: 2.216 | DQ27: 1 | DR27: 154 | DS27: 1.911 | DT27: 83 | DU27: 1.5 | DV27: 0.53 | DW27: 3.926 | DX27: 0.288 | DY27: 12 | DZ27: 1363 | EA27: 0.354 | EB27: 1738 | EC27: 1.09 | ED27: 2.3 | EE27: 0.12601 | EF27: 1.23 | EG27: 1.31 | EH27: 8.3 | EI27: 1451 | EJ27: 7733 | EK27: 8.9 | EL27: 32.69891 | EM27: 2 | EN27: 6.12 | EO27: 13 | EP27: 12 | EQ27: 24.869 | ER27: 0.855 | ES27: 2 | ET27: 136 | EU27: 1602 | EV27: 98 | EW27: 2.5 | EX27: 0.063 | EY27: 2.324 | EZ27: 1.1295313 | FB27: =EZ27 -> 1.1295313 | FD27: -1832.9763 | FE27: =FD27/M27 -> -7.6374013 | FF27: =FE27*1000 -> -7637.4013 | FG27: 4.0310425 | FH27: 4.031655 | FI27: 4.1196767 | FJ27: 66.952049 | FK27: =FJ27/M27 -> 0.27896687 | FL27: =FJ27 -> 66.952049 | FN27: -0.89 | FO27: 1.94 | FP27: 2.83 | FQ27: =FP27+0.01 -> 2.84 | FR27: =FQ27-2.86 -> -0.02 | FS27: =IF(FR27<0,0,1) -> 0
A28: K24 Na24 Mg1 Nb47 O144 | B28: Nb | C28: 47 | D28: O | E28: 144 | F28: K | G28: 24 | H28: Na | I28: 24 | J28: Mg | K28: 1 | M28: =C28+E28+G28+I28+K28 -> 240 | P28: 1.92 | Q28: 14 | R28: 3573 | S28: 1.702 | T28: 8570 | U28: 0.95 | V28: 1.75 | W28: 0.19256 | X28: 1.23 | Y28: 2.03 | Z28: 4 | AA28: 1382 | AB28: 2416 | AC28: 26.8 | AD28: 36.28 | AE28: 5 | AF28: 24.442 | AG28: 58 | AH28: 50 | AI28: 24.48 | AJ28: 6.144 | AK28: 3 | AL28: 134 | AM28: 1.468 | AN28: 450 | AO28: 4.5 | AP28: 1.15 | AQ28: 1.807 | AR28: 0.232 | AS28: 1 | AT28: 90.19 | AU28: 0.011 | AV28: 2000 | AW28: 0.85 | AX28: 1.2 | AY28: 0.82902 | AZ28: 3.5 | BA28: 3.32 | BB28: 7.54 | BC28: 3388 | BD28: 5300 | BE28: 0.444 | BF28: 205.19507 | BG28: 6 | BH28: 13.557 | BI28: 103 | BJ28: 92 | BK28: 29.355 | BL28: -1.893 | BM28: -2 | BN28: 66 | BO28: 0.89 | BP28: 192 | BQ28: 2.5 | BR28: 0.0028 | BS28: 1.736 | BT28: 0.43 | BU28: 14 | BV28: 1032 | BW28: 0.032 | BX28: 862 | BY28: 1.32 | BZ28: 4.6 | CA28: 0.40514 | CB28: 0.91 | CC28: 0.8 | CD28: 2.42 | CE28: 3051 | CF28: 4411 | CG28: 2.39 | CH28: 64.43485 | CI28: 1 | CJ28: 4.667 | CK28: 6 | CL28: 4 | CM28: 29.58 | CN28: 0.391 | CO28: 1 | CP28: 203 | CQ28: 2.376 | CR28: 87 | CS28: 1.5 | CT28: 2.1 | CU28: 7.572 | CV28: 0.278 | CW28: 14 | CX28: 1153 | CY28: 0.068 | CZ28: 971 | DA28: 1.07 | DB28: 3.73 | DC28: 0.23831 | DD28: 1.01 | DE28: 0.89 | DF28: 2.85 | DG28: 4562 | DH28: 6912 | DI28: 2.64 | DJ28: 51.12083 | DK28: 1 | DL28: 26.451 | DM28: 7 | DN28: 5 | DO28: 28.24 | DP28: 2.216 | DQ28: 1 | DR28: 154 | DS28: 1.911 | DT28: 83 | DU28: 1.5 | DV28: 0.53 | DW28: 3.926 | DX28: 0.288 | DY28: 12 | DZ28: 1363 | EA28: 0.354 | EB28: 1738 | EC28: 1.09 | ED28: 2.3 | EE28: 0.12601 | EF28: 1.23 | EG28: 1.31 | EH28: 8.3 | EI28: 1451 | EJ28: 7733 | EK28: 8.9 | EL28: 32.69891 | EM28: 2 | EN28: 6.12 | EO28: 13 | EP28: 12 | EQ28: 24.869 | ER28: 0.855 | ES28: 2 | ET28: 136 | EU28: 1602 | EV28: 98 | EW28: 2.5 | EX28: 0.063 | EY28: 2.324 | EZ28: 9.0987093 | FB28: =EZ28 -> 9.0987093 | FD28: -1816.2256 | FE28: =FD28/M28 -> -7.5676065 | FF28: =FE28*1000 -> -7567.6065 | FG28: 4.0336625 | FH28: 4.0326725 | FI28: 4.1939767 | FJ28: 68.221069 | FK28: =FJ28/M28 -> 0.28425445 | FN28: -1.21 | FO28: 1.84 | FP28: 3.05 | FQ28: =FP28+0.01 -> 3.06 | FR28: =FQ28-2.86 -> 0.2 | FS28: =IF(FR28<0,0,1) -> 1
A29: K24 Na24 Mg1 Nb48 O143 | B29: Nb | C29: 48 | D29: O | E29: 143 | F29: K | G29: 24 | H29: Na | I29: 24 | J29: Mg | K29: 1 | M29: =C29+E29+G29+I29+K29 -> 240 | P29: 1.92 | Q29: 14 | R29: 3573 | S29: 1.702 | T29: 8570 | U29: 0.95 | V29: 1.75 | W29: 0.19256 | X29: 1.23 | Y29: 2.03 | Z29: 4 | AA29: 1382 | AB29: 2416 | AC29: 26.8 | AD29: 36.28 | AE29: 5 | AF29: 24.442 | AG29: 58 | AH29: 50 | AI29: 24.48 | AJ29: 6.144 | AK29: 3 | AL29: 134 | AM29: 1.468 | AN29: 450 | AO29: 4.5 | AP29: 1.15 | AQ29: 1.807 | AR29: 0.232 | AS29: 1 | AT29: 90.19 | AU29: 0.011 | AV29: 2000 | AW29: 0.85 | AX29: 1.2 | AY29: 0.82902 | AZ29: 3.5 | BA29: 3.32 | BB29: 7.54 | BC29: 3388 | BD29: 5300 | BE29: 0.444 | BF29: 205.19507 | BG29: 6 | BH29: 13.557 | BI29: 103 | BJ29: 92 | BK29: 29.355 | BL29: -1.893 | BM29: -2 | BN29: 66 | BO29: 0.89 | BP29: 192 | BQ29: 2.5 | BR29: 0.0028 | BS29: 1.736 | BT29: 0.43 | BU29: 14 | BV29: 1032 | BW29: 0.032 | BX29: 862 | BY29: 1.32 | BZ29: 4.6 | CA29: 0.40514 | CB29: 0.91 | CC29: 0.8 | CD29: 2.42 | CE29: 3051 | CF29: 4411 | CG29: 2.39 | CH29: 64.43485 | CI29: 1 | CJ29: 4.667 | CK29: 6 | CL29: 4 | CM29: 29.58 | CN29: 0.391 | CO29: 1 | CP29: 203 | CQ29: 2.376 | CR29: 87 | CS29: 1.5 | CT29: 2.1 | CU29: 7.572 | CV29: 0.278 | CW29: 14 | CX29: 1153 | CY29: 0.068 | CZ29: 971 | DA29: 1.07 | DB29: 3.73 | DC29: 0.23831 | DD29: 1.01 | DE29: 0.89 | DF29: 2.85 | DG29: 4562 | DH29: 6912 | DI29: 2.64 | DJ29: 51.12083 | DK29: 1 | DL29: 26.451 | DM29: 7 | DN29: 5 | DO29: 28.24 | DP29: 2.216 | DQ29: 1 | DR29: 154 | DS29: 1.911 | DT29: 83 | DU29: 1.5 | DV29: 0.53 | DW29: 3.926 | DX29: 0.288 | DY29: 12 | DZ29: 1363 | EA29: 0.354 | EB29: 1738 | EC29: 1.09 | ED29: 2.3 | EE29: 0.12601 | EF29: 1.23 | EG29: 1.31 | EH29: 8.3 | EI29: 1451 | EJ29: 7733 | EK29: 8.9 | EL29: 32.69891 | EM29: 2 | EN29: 6.12 | EO29: 13 | EP29: 12 | EQ29: 24.869 | ER29: 0.855 | ES29: 2 | ET29: 136 | EU29: 1602 | EV29: 98 | EW29: 2.5 | EX29: 0.063 | EY29: 2.324 | EZ29: 6.7640313 | FB29: =EZ29 -> 6.7640313 | FD29: -1823.7046 | FE29: =FD29/M29 -> -7.5987693 | FF29: =FE29*1000 -> -7598.7693 | FG29: 4.0112375 | FH29: 4.0077175 | FI29: 4.12786 | FJ29: 66.359092 | FK29: =FJ29/M29 -> 0.27649622 | FL29: =FJ29 -> 66.359092 | FN29: -0.85 | FO29: 2.06 | FP29: 2.91 | FQ29: =FP29+0.01 -> 2.92 | FR29: =FQ29-2.86 -> 0.06 | FS29: =IF(FR29<0,0,1) -> 1
A30: K22 Na24 Mg1 Nb48 O144 | B30: Nb | C30: 48 | D30: O | E30: 144 | F30: K | G30: 22 | H30: Na | I30: 24 | J30: Mg | K30: 1 | M30: =C30+E30+G30+I30+K30 -> 239 | P30: 1.92 | Q30: 14 | R30: 3573 | S30: 1.702 | T30: 8570 | U30: 0.95 | V30: 1.75 | W30: 0.19256 | X30: 1.23 | Y30: 2.03 | Z30: 4 | AA30: 1382 | AB30: 2416 | AC30: 26.8 | AD30: 36.28 | AE30: 5 | AF30: 24.442 | AG30: 58 | AH30: 50 | AI30: 24.48 | AJ30: 6.144 | AK30: 3 | AL30: 134 | AM30: 1.468 | AN30: 450 | AO30: 4.5 | AP30: 1.15 | AQ30: 1.807 | AR30: 0.232 | AS30: 1 | AT30: 90.19 | AU30: 0.011 | AV30: 2000 | AW30: 0.85 | AX30: 1.2 | AY30: 0.82902 | AZ30: 3.5 | BA30: 3.32 | BB30: 7.54 | BC30: 3388 | BD30: 5300 | BE30: 0.444 | BF30: 205.19507 | BG30: 6 | BH30: 13.557 | BI30: 103 | BJ30: 92 | BK30: 29.355 | BL30: -1.893 | BM30: -2 | BN30: 66 | BO30: 0.89 | BP30: 192 | BQ30: 2.5 | BR30: 0.0028 | BS30: 1.736 | BT30: 0.43 | BU30: 14 | BV30: 1032 | BW30: 0.032 | BX30: 862 | BY30: 1.32 | BZ30: 4.6 | CA30: 0.40514 | CB30: 0.91 | CC30: 0.8 | CD30: 2.42 | CE30: 3051 | CF30: 4411 | CG30: 2.39 | CH30: 64.43485 | CI30: 1 | CJ30: 4.667 | CK30: 6 | CL30: 4 | CM30: 29.58 | CN30: 0.391 | CO30: 1 | CP30: 203 | CQ30: 2.376 | CR30: 87 | CS30: 1.5 | CT30: 2.1 | CU30: 7.572 | CV30: 0.278 | CW30: 14 | CX30: 1153 | CY30: 0.068 | CZ30: 971 | DA30: 1.07 | DB30: 3.73 | DC30: 0.23831 | DD30: 1.01 | DE30: 0.89 | DF30: 2.85 | DG30: 4562 | DH30: 6912 | DI30: 2.64 | DJ30: 51.12083 | DK30: 1 | DL30: 26.451 | DM30: 7 | DN30: 5 | DO30: 28.24 | DP30: 2.216 | DQ30: 1 | DR30: 154 | DS30: 1.911 | DT30: 83 | DU30: 1.5 | DV30: 0.53 | DW30: 3.926 | DX30: 0.288 | DY30: 12 | DZ30: 1363 | EA30: 0.354 | EB30: 1738 | EC30: 1.09 | ED30: 2.3 | EE30: 0.12601 | EF30: 1.23 | EG30: 1.31 | EH30: 8.3 | EI30: 1451 | EJ30: 7733 | EK30: 8.9 | EL30: 32.69891 | EM30: 2 | EN30: 6.12 | EO30: 13 | EP30: 12 | EQ30: 24.869 | ER30: 0.855 | ES30: 2 | ET30: 136 | EU30: 1602 | EV30: 98 | EW30: 2.5 | EX30: 0.063 | EY30: 2.324 | EZ30: 0.3552827 | FA30: 0.0074017229 | FC30: =EZ30 -> 0.3552827 | FD30: -1831.7032 | FE30: =FD30/M30 -> -7.6640302 | FF30: =FE30*1000 -> -7664.0302 | FG30: 3.99328 | FH30: 3.98925 | FI30: 4.1361967 | FJ30: 65.890408 | FK30: =FJ30/M30 -> 0.27569208 | FM30: =FJ30 -> 65.890408 | FN30: -0.99 | FO30: 2.23 | FP30: 3.22 | FQ30: =FP30+0.01 -> 3.23 | FR30: =FQ30-2.86 -> 0.37 | FS30: =IF(FR30<0,0,1) -> 1
A31: K23 Na23 Mg1 Nb48 O144 | B31: Nb | C31: 48 | D31: O | E31: 144 | F31: K | G31: 23 | H31: Na | I31: 23 | J31: Mg | K31: 1 | M31: =C31+E31+G31+I31+K31 -> 239 | P31: 1.92 | Q31: 14 | R31: 3573 | S31: 1.702 | T31: 8570 | U31: 0.95 | V31: 1.75 | W31: 0.19256 | X31: 1.23 | Y31: 2.03 | Z31: 4 | AA31: 1382 | AB31: 2416 | AC31: 26.8 | AD31: 36.28 | AE31: 5 | AF31: 24.442 | AG31: 58 | AH31: 50 | AI31: 24.48 | AJ31: 6.144 | AK31: 3 | AL31: 134 | AM31: 1.468 | AN31: 450 | AO31: 4.5 | AP31: 1.15 | AQ31: 1.807 | AR31: 0.232 | AS31: 1 | AT31: 90.19 | AU31: 0.011 | AV31: 2000 | AW31: 0.85 | AX31: 1.2 | AY31: 0.82902 | AZ31: 3.5 | BA31: 3.32 | BB31: 7.54 | BC31: 3388 | BD31: 5300 | BE31: 0.444 | BF31: 205.19507 | BG31: 6 | BH31: 13.557 | BI31: 103 | BJ31: 92 | BK31: 29.355 | BL31: -1.893 | BM31: -2 | BN31: 66 | BO31: 0.89 | BP31: 192 | BQ31: 2.5 | BR31: 0.0028 | BS31: 1.736 | BT31: 0.43 | BU31: 14 | BV31: 1032 | BW31: 0.032 | BX31: 862 | BY31: 1.32 | BZ31: 4.6 | CA31: 0.40514 | CB31: 0.91 | CC31: 0.8 | CD31: 2.42 | CE31: 3051 | CF31: 4411 | CG31: 2.39 | CH31: 64.43485 | CI31: 1 | CJ31: 4.667 | CK31: 6 | CL31: 4 | CM31: 29.58 | CN31: 0.391 | CO31: 1 | CP31: 203 | CQ31: 2.376 | CR31: 87 | CS31: 1.5 | CT31: 2.1 | CU31: 7.572 | CV31: 0.278 | CW31: 14 | CX31: 1153 | CY31: 0.068 | CZ31: 971 | DA31: 1.07 | DB31: 3.73 | DC31: 0.23831 | DD31: 1.01 | DE31: 0.89 | DF31: 2.85 | DG31: 4562 | DH31: 6912 | DI31: 2.64 | DJ31: 51.12083 | DK31: 1 | DL31: 26.451 | DM31: 7 | DN31: 5 | DO31: 28.24 | DP31: 2.216 | DQ31: 1 | DR31: 154 | DS31: 1.911 | DT31: 83 | DU31: 1.5 | DV31: 0.53 | DW31: 3.926 | DX31: 0.288 | DY31: 12 | DZ31: 1363 | EA31: 0.354 | EB31: 1738 | EC31: 1.09 | ED31: 2.3 | EE31: 0.12601 | EF31: 1.23 | EG31: 1.31 | EH31: 8.3 | EI31: 1451 | EJ31: 7733 | EK31: 8.9 | EL31: 32.69891 | EM31: 2 | EN31: 6.12 | EO31: 13 | EP31: 12 | EQ31: 24.869 | ER31: 0.855 | ES31: 2 | ET31: 136 | EU31: 1602 | EV31: 98 | EW31: 2.5 | EX31: 0.063 | EY31: 2.324 | EZ31: 1.9127695 | FA31: 0.039849366 | FC31: =EZ31 -> 1.9127695 | FD31: -1829.8615 | FE31: =FD31/M31 -> -7.6563243 | FF31: =FE31*1000 -> -7656.3243 | FG31: 4.0365825 | FH31: 4.0351075 | FI31: 4.19093 | FJ31: 68.262054 | FK31: =FJ31/M31 -> 0.28561529 | FN31: -1.11 | FO31: 1.89 | FP31: 3 | FQ31: =FP31+0.01 -> 3.01 | FR31: =FQ31-2.86 -> 0.15 | FS31: =IF(FR31<0,0,1) -> 1
A32: K23 Na24 Mg1 Nb47 O144 | B32: Nb | C32: 47 | D32: O | E32: 144 | F32: K | G32: 23 | H32: Na | I32: 24 | J32: Mg | K32: 1 | M32: =C32+E32+G32+I32+K32 -> 239 | P32: 1.92 | Q32: 14 | R32: 3573 | S32: 1.702 | T32: 8570 | U32: 0.95 | V32: 1.75 | W32: 0.19256 | X32: 1.23 | Y32: 2.03 | Z32: 4 | AA32: 1382 | AB32: 2416 | AC32: 26.8 | AD32: 36.28 | AE32: 5 | AF32: 24.442 | AG32: 58 | AH32: 50 | AI32: 24.48 | AJ32: 6.144 | AK32: 3 | AL32: 134 | AM32: 1.468 | AN32: 450 | AO32: 4.5 | AP32: 1.15 | AQ32: 1.807 | AR32: 0.232 | AS32: 1 | AT32: 90.19 | AU32: 0.011 | AV32: 2000 | AW32: 0.85 | AX32: 1.2 | AY32: 0.82902 | AZ32: 3.5 | BA32: 3.32 | BB32: 7.54 | BC32: 3388 | BD32: 5300 | BE32: 0.444 | BF32: 205.19507 | BG32: 6 | BH32: 13.557 | BI32: 103 | BJ32: 92 | BK32: 29.355 | BL32: -1.893 | BM32: -2 | BN32: 66 | BO32: 0.89 | BP32: 192 | BQ32: 2.5 | BR32: 0.0028 | BS32: 1.736 | BT32: 0.43 | BU32: 14 | BV32: 1032 | BW32: 0.032 | BX32: 862 | BY32: 1.32 | BZ32: 4.6 | CA32: 0.40514 | CB32: 0.91 | CC32: 0.8 | CD32: 2.42 | CE32: 3051 | CF32: 4411 | CG32: 2.39 | CH32: 64.43485 | CI32: 1 | CJ32: 4.667 | CK32: 6 | CL32: 4 | CM32: 29.58 | CN32: 0.391 | CO32: 1 | CP32: 203 | CQ32: 2.376 | CR32: 87 | CS32: 1.5 | CT32: 2.1 | CU32: 7.572 | CV32: 0.278 | CW32: 14 | CX32: 1153 | CY32: 0.068 | CZ32: 971 | DA32: 1.07 | DB32: 3.73 | DC32: 0.23831 | DD32: 1.01 | DE32: 0.89 | DF32: 2.85 | DG32: 4562 | DH32: 6912 | DI32: 2.64 | DJ32: 51.12083 | DK32: 1 | DL32: 26.451 | DM32: 7 | DN32: 5 | DO32: 28.24 | DP32: 2.216 | DQ32: 1 | DR32: 154 | DS32: 1.911 | DT32: 83 | DU32: 1.5 | DV32: 0.53 | DW32: 3.926 | DX32: 0.288 | DY32: 12 | DZ32: 1363 | EA32: 0.354 | EB32: 1738 | EC32: 1.09 | ED32: 2.3 | EE32: 0.12601 | EF32: 1.23 | EG32: 1.31 | EH32: 8.3 | EI32: 1451 | EJ32: 7733 | EK32: 8.9 | EL32: 32.69891 | EM32: 2 | EN32: 6.12 | EO32: 13 | EP32: 12 | EQ32: 24.869 | ER32: 0.855 | ES32: 2 | ET32: 136 | EU32: 1602 | EV32: 98 | EW32: 2.5 | EX32: 0.063 | EY32: 2.324 | EZ32: 13.649262 | FA32: 0.28435962 | FC32: =EZ32 -> 13.649262 | FD32: -1809.3434 | FE32: =FD32/M32 -> -7.5704746 | FF32: =FE32*1000 -> -7570.4746 | FG32: 4.009005 | FH32: 4.008645 | FI32: 4.12949 | FJ32: 66.363703 | FK32: =FJ32/M32 -> 0.2776724 | FM32: =FJ32 -> 66.363703 | FN32: -1.15 | FO32: 2.17 | FP32: 3.32 | FQ32: =FP32+0.01 -> 3.33 | FR32: =FQ32-2.86 -> 0.47 | FS32: =IF(FR32<0,0,1) -> 1
A33: K23 Na24 Mg1 Nb48 O143 | B33: Nb | C33: 48 | D33: O | E33: 143 | F33: K | G33: 23 | H33: Na | I33: 24 | J33: Mg | K33: 1 | M33: =C33+E33+G33+I33+K33 -> 239 | P33: 1.92 | Q33: 14 | R33: 3573 | S33: 1.702 | T33: 8570 | U33: 0.95 | V33: 1.75 | W33: 0.19256 | X33: 1.23 | Y33: 2.03 | Z33: 4 | AA33: 1382 | AB33: 2416 | AC33: 26.8 | AD33: 36.28 | AE33: 5 | AF33: 24.442 | AG33: 58 | AH33: 50 | AI33: 24.48 | AJ33: 6.144 | AK33: 3 | AL33: 134 | AM33: 1.468 | AN33: 450 | AO33: 4.5 | AP33: 1.15 | AQ33: 1.807 | AR33: 0.232 | AS33: 1 | AT33: 90.19 | AU33: 0.011 | AV33: 2000 | AW33: 0.85 | AX33: 1.2 | AY33: 0.82902 | AZ33: 3.5 | BA33: 3.32 | BB33: 7.54 | BC33: 3388 | BD33: 5300 | BE33: 0.444 | BF33: 205.19507 | BG33: 6 | BH33: 13.557 | BI33: 103 | BJ33: 92 | BK33: 29.355 | BL33: -1.893 | BM33: -2 | BN33: 66 | BO33: 0.89 | BP33: 192 | BQ33: 2.5 | BR33: 0.0028 | BS33: 1.736 | BT33: 0.43 | BU33: 14 | BV33: 1032 | BW33: 0.032 | BX33: 862 | BY33: 1.32 | BZ33: 4.6 | CA33: 0.40514 | CB33: 0.91 | CC33: 0.8 | CD33: 2.42 | CE33: 3051 | CF33: 4411 | CG33: 2.39 | CH33: 64.43485 | CI33: 1 | CJ33: 4.667 | CK33: 6 | CL33: 4 | CM33: 29.58 | CN33: 0.391 | CO33: 1 | CP33: 203 | CQ33: 2.376 | CR33: 87 | CS33: 1.5 | CT33: 2.1 | CU33: 7.572 | CV33: 0.278 | CW33: 14 | CX33: 1153 | CY33: 0.068 | CZ33: 971 | DA33: 1.07 | DB33: 3.73 | DC33: 0.23831 | DD33: 1.01 | DE33: 0.89 | DF33: 2.85 | DG33: 4562 | DH33: 6912 | DI33: 2.64 | DJ33: 51.12083 | DK33: 1 | DL33: 26.451 | DM33: 7 | DN33: 5 | DO33: 28.24 | DP33: 2.216 | DQ33: 1 | DR33: 154 | DS33: 1.911 | DT33: 83 | DU33: 1.5 | DV33: 0.53 | DW33: 3.926 | DX33: 0.288 | DY33: 12 | DZ33: 1363 | EA33: 0.354 | EB33: 1738 | EC33: 1.09 | ED33: 2.3 | EE33: 0.12601 | EF33: 1.23 | EG33: 1.31 | EH33: 8.3 | EI33: 1451 | EJ33: 7733 | EK33: 8.9 | EL33: 32.69891 | EM33: 2 | EN33: 6.12 | EO33: 13 | EP33: 12 | EQ33: 24.869 | ER33: 0.855 | ES33: 2 | ET33: 136 | EU33: 1602 | EV33: 98 | EW33: 2.5 | EX33: 0.063 | EY33: 2.324 | EZ33: 3.9603336 | FA33: 0.082506949 | FC33: =EZ33 -> 3.9603336 | FD33: -1824.1768 | FE33: =FD33/M33 -> -7.6325388 | FF33: =FE33*1000 -> -7632.5388 | FG33: 4.0061725 | FH33: 4.0072675 | FI33: 4.12367 | FJ33: 66.200593 | FK33: =FJ33/M33 -> 0.27698993 | FM33: =FJ33 -> 66.200593 | FN33: -0.91 | FO33: 2.09 | FP33: 3 | FQ33: =FP33+0.01 -> 3.01 | FR33: =FQ33-2.86 -> 0.15 | FS33: =IF(FR33<0,0,1) -> 1
A34: K23 Na23 Mg1 Nb48 O144 | B34: Nb | C34: 48 | D34: O | E34: 144 | F34: K | G34: 23 | H34: Na | I34: 23 | J34: Mg | K34: 1 | M34: =C34+E34+G34+I34+K34 -> 239 | P34: 1.92 | Q34: 14 | R34: 3573 | S34: 1.702 | T34: 8570 | U34: 0.95 | V34: 1.75 | W34: 0.19256 | X34: 1.23 | Y34: 2.03 | Z34: 4 | AA34: 1382 | AB34: 2416 | AC34: 26.8 | AD34: 36.28 | AE34: 5 | AF34: 24.442 | AG34: 58 | AH34: 50 | AI34: 24.48 | AJ34: 6.144 | AK34: 3 | AL34: 134 | AM34: 1.468 | AN34: 450 | AO34: 4.5 | AP34: 1.15 | AQ34: 1.807 | AR34: 0.232 | AS34: 1 | AT34: 90.19 | AU34: 0.011 | AV34: 2000 | AW34: 0.85 | AX34: 1.2 | AY34: 0.82902 | AZ34: 3.5 | BA34: 3.32 | BB34: 7.54 | BC34: 3388 | BD34: 5300 | BE34: 0.444 | BF34: 205.19507 | BG34: 6 | BH34: 13.557 | BI34: 103 | BJ34: 92 | BK34: 29.355 | BL34: -1.893 | BM34: -2 | BN34: 66 | BO34: 0.89 | BP34: 192 | BQ34: 2.5 | BR34: 0.0028 | BS34: 1.736 | BT34: 0.43 | BU34: 14 | BV34: 1032 | BW34: 0.032 | BX34: 862 | BY34: 1.32 | BZ34: 4.6 | CA34: 0.40514 | CB34: 0.91 | CC34: 0.8 | CD34: 2.42 | CE34: 3051 | CF34: 4411 | CG34: 2.39 | CH34: 64.43485 | CI34: 1 | CJ34: 4.667 | CK34: 6 | CL34: 4 | CM34: 29.58 | CN34: 0.391 | CO34: 1 | CP34: 203 | CQ34: 2.376 | CR34: 87 | CS34: 1.5 | CT34: 2.1 | CU34: 7.572 | CV34: 0.278 | CW34: 14 | CX34: 1153 | CY34: 0.068 | CZ34: 971 | DA34: 1.07 | DB34: 3.73 | DC34: 0.23831 | DD34: 1.01 | DE34: 0.89 | DF34: 2.85 | DG34: 4562 | DH34: 6912 | DI34: 2.64 | DJ34: 51.12083 | DK34: 1 | DL34: 26.451 | DM34: 7 | DN34: 5 | DO34: 28.24 | DP34: 2.216 | DQ34: 1 | DR34: 154 | DS34: 1.911 | DT34: 83 | DU34: 1.5 | DV34: 0.53 | DW34: 3.926 | DX34: 0.288 | DY34: 12 | DZ34: 1363 | EA34: 0.354 | EB34: 1738 | EC34: 1.09 | ED34: 2.3 | EE34: 0.12601 | EF34: 1.23 | EG34: 1.31 | EH34: 8.3 | EI34: 1451 | EJ34: 7733 | EK34: 8.9 | EL34: 32.69891 | EM34: 2 | EN34: 6.12 | EO34: 13 | EP34: 12 | EQ34: 24.869 | ER34: 0.855 | ES34: 2 | ET34: 136 | EU34: 1602 | EV34: 98 | EW34: 2.5 | EX34: 0.063 | EY34: 2.324 | EZ34: 1.6492097 | FA34: 0.034358535 | FC34: =EZ34 -> 1.6492097 | FD34: -1830.2994 | FE34: =FD34/M34 -> -7.6581565 | FF34: =FE34*1000 -> -7658.1565 | FG34: 4.00702 | FH34: 4.005075 | FI34: 4.13513 | FJ34: 66.362285 | FK34: =FJ34/M34 -> 0.27766646 | FM34: =FJ34 -> 66.362285 | FN34: -0.97 | FO34: 2.09 | FP34: 3.06 | FQ34: =FP34+0.01 -> 3.07 | FR34: =FQ34-2.86 -> 0.21 | FS34: =IF(FR34<0,0,1) -> 1
A35: K24 Na22 Mg1 Nb48 O144 | B35: Nb | C35: 48 | D35: O | E35: 144 | F35: K | G35: 24 | H35: Na | I35: 22 | J35: Mg | K35: 1 | M35: =C35+E35+G35+I35+K35 -> 239 | P35: 1.92 | Q35: 14 | R35: 3573 | S35: 1.702 | T35: 8570 | U35: 0.95 | V35: 1.75 | W35: 0.19256 | X35: 1.23 | Y35: 2.03 | Z35: 4 | AA35: 1382 | AB35: 2416 | AC35: 26.8 | AD35: 36.28 | AE35: 5 | AF35: 24.442 | AG35: 58 | AH35: 50 | AI35: 24.48 | AJ35: 6.144 | AK35: 3 | AL35: 134 | AM35: 1.468 | AN35: 450 | AO35: 4.5 | AP35: 1.15 | AQ35: 1.807 | AR35: 0.232 | AS35: 1 | AT35: 90.19 | AU35: 0.011 | AV35: 2000 | AW35: 0.85 | AX35: 1.2 | AY35: 0.82902 | AZ35: 3.5 | BA35: 3.32 | BB35: 7.54 | BC35: 3388 | BD35: 5300 | BE35: 0.444 | BF35: 205.19507 | BG35: 6 | BH35: 13.557 | BI35: 103 | BJ35: 92 | BK35: 29.355 | BL35: -1.893 | BM35: -2 | BN35: 66 | BO35: 0.89 | BP35: 192 | BQ35: 2.5 | BR35: 0.0028 | BS35: 1.736 | BT35: 0.43 | BU35: 14 | BV35: 1032 | BW35: 0.032 | BX35: 862 | BY35: 1.32 | BZ35: 4.6 | CA35: 0.40514 | CB35: 0.91 | CC35: 0.8 | CD35: 2.42 | CE35: 3051 | CF35: 4411 | CG35: 2.39 | CH35: 64.43485 | CI35: 1 | CJ35: 4.667 | CK35: 6 | CL35: 4 | CM35: 29.58 | CN35: 0.391 | CO35: 1 | CP35: 203 | CQ35: 2.376 | CR35: 87 | CS35: 1.5 | CT35: 2.1 | CU35: 7.572 | CV35: 0.278 | CW35: 14 | CX35: 1153 | CY35: 0.068 | CZ35: 971 | DA35: 1.07 | DB35: 3.73 | DC35: 0.23831 | DD35: 1.01 | DE35: 0.89 | DF35: 2.85 | DG35: 4562 | DH35: 6912 | DI35: 2.64 | DJ35: 51.12083 | DK35: 1 | DL35: 26.451 | DM35: 7 | DN35: 5 | DO35: 28.24 | DP35: 2.216 | DQ35: 1 | DR35: 154 | DS35: 1.911 | DT35: 83 | DU35: 1.5 | DV35: 0.53 | DW35: 3.926 | DX35: 0.288 | DY35: 12 | DZ35: 1363 | EA35: 0.354 | EB35: 1738 | EC35: 1.09 | ED35: 2.3 | EE35: 0.12601 | EF35: 1.23 | EG35: 1.31 | EH35: 8.3 | EI35: 1451 | EJ35: 7733 | EK35: 8.9 | EL35: 32.69891 | EM35: 2 | EN35: 6.12 | EO35: 13 | EP35: 12 | EQ35: 24.869 | ER35: 0.855 | ES35: 2 | ET35: 136 | EU35: 1602 | EV35: 98 | EW35: 2.5 | EX35: 0.063 | EY35: 2.324 | EZ35: 1.3590206 | FA35: 0.028312928 | FC35: =EZ35 -> 1.3590206 | FD35: -1830.3054 | FE35: =FD35/M35 -> -7.6581815 | FF35: =FE35*1000 -> -7658.1815 | FG35: 4.0061775 | FH35: 4.0069325 | FI35: 4.13773 | FJ35: 66.42084 | FK35: =FJ35/M35 -> 0.27791146 | FM35: =FJ35 -> 66.42084 | FN35: -1.03 | FO35: 2.08 | FP35: 3.11 | FQ35: =FP35+0.01 -> 3.12 | FR35: =FQ35-2.86 -> 0.26 | FS35: =IF(FR35<0,0,1) -> 1
A36: K24 Na23 Mg1 Nb47 O144 | B36: Nb | C36: 47 | D36: O | E36: 144 | F36: K | G36: 24 | H36: Na | I36: 23 | J36: Mg | K36: 1 | M36: =C36+E36+G36+I36+K36 -> 239 | P36: 1.92 | Q36: 14 | R36: 3573 | S36: 1.702 | T36: 8570 | U36: 0.95 | V36: 1.75 | W36: 0.19256 | X36: 1.23 | Y36: 2.03 | Z36: 4 | AA36: 1382 | AB36: 2416 | AC36: 26.8 | AD36: 36.28 | AE36: 5 | AF36: 24.442 | AG36: 58 | AH36: 50 | AI36: 24.48 | AJ36: 6.144 | AK36: 3 | AL36: 134 | AM36: 1.468 | AN36: 450 | AO36: 4.5 | AP36: 1.15 | AQ36: 1.807 | AR36: 0.232 | AS36: 1 | AT36: 90.19 | AU36: 0.011 | AV36: 2000 | AW36: 0.85 | AX36: 1.2 | AY36: 0.82902 | AZ36: 3.5 | BA36: 3.32 | BB36: 7.54 | BC36: 3388 | BD36: 5300 | BE36: 0.444 | BF36: 205.19507 | BG36: 6 | BH36: 13.557 | BI36: 103 | BJ36: 92 | BK36: 29.355 | BL36: -1.893 | BM36: -2 | BN36: 66 | BO36: 0.89 | BP36: 192 | BQ36: 2.5 | BR36: 0.0028 | BS36: 1.736 | BT36: 0.43 | BU36: 14 | BV36: 1032 | BW36: 0.032 | BX36: 862 | BY36: 1.32 | BZ36: 4.6 | CA36: 0.40514 | CB36: 0.91 | CC36: 0.8 | CD36: 2.42 | CE36: 3051 | CF36: 4411 | CG36: 2.39 | CH36: 64.43485 | CI36: 1 | CJ36: 4.667 | CK36: 6 | CL36: 4 | CM36: 29.58 | CN36: 0.391 | CO36: 1 | CP36: 203 | CQ36: 2.376 | CR36: 87 | CS36: 1.5 | CT36: 2.1 | CU36: 7.572 | CV36: 0.278 | CW36: 14 | CX36: 1153 | CY36: 0.068 | CZ36: 971 | DA36: 1.07 | DB36: 3.73 | DC36: 0.23831 | DD36: 1.01 | DE36: 0.89 | DF36: 2.85 | DG36: 4562 | DH36: 6912 | DI36: 2.64 | DJ36: 51.12083 | DK36: 1 | DL36: 26.451 | DM36: 7 | DN36: 5 | DO36: 28.24 | DP36: 2.216 | DQ36: 1 | DR36: 154 | DS36: 1.911 | DT36: 83 | DU36: 1.5 | DV36: 0.53 | DW36: 3.926 | DX36: 0.288 | DY36: 12 | DZ36: 1363 | EA36: 0.354 | EB36: 1738 | EC36: 1.09 | ED36: 2.3 | EE36: 0.12601 | EF36: 1.23 | EG36: 1.31 | EH36: 8.3 | EI36: 1451 | EJ36: 7733 | EK36: 8.9 | EL36: 32.69891 | EM36: 2 | EN36: 6.12 | EO36: 13 | EP36: 12 | EQ36: 24.869 | ER36: 0.855 | ES36: 2 | ET36: 136 | EU36: 1602 | EV36: 98 | EW36: 2.5 | EX36: 0.063 | EY36: 2.324 | EZ36: 13.978925 | FA36: 0.2912276 | FC36: =EZ36 -> 13.978925 | FD36: -1808.9039 | FE36: =FD36/M36 -> -7.5686355 | FF36: =FE36*1000 -> -7568.6355 | FG36: 4.0083375 | FH36: 4.00807 | FI36: 4.13268 | FJ36: 66.394386 | FK36: =FJ36/M36 -> 0.27780078 | FM36: =FJ36 -> 66.394386 | FN36: -1.15 | FO36: 1.97 | FP36: 3.12 | FQ36: =FP36+0.01 -> 3.13 | FR36: =FQ36-2.86 -> 0.27 | FS36: =IF(FR36<0,0,1) -> 1
A37: K24 Na23 Mg1 Nb48 O143 | B37: Nb | C37: 48 | D37: O | E37: 143 | F37: K | G37: 24 | H37: Na | I37: 23 | J37: Mg | K37: 1 | M37: =C37+E37+G37+I37+K37 -> 239 | P37: 1.92 | Q37: 14 | R37: 3573 | S37: 1.702 | T37: 8570 | U37: 0.95 | V37: 1.75 | W37: 0.19256 | X37: 1.23 | Y37: 2.03 | Z37: 4 | AA37: 1382 | AB37: 2416 | AC37: 26.8 | AD37: 36.28 | AE37: 5 | AF37: 24.442 | AG37: 58 | AH37: 50 | AI37: 24.48 | AJ37: 6.144 | AK37: 3 | AL37: 134 | AM37: 1.468 | AN37: 450 | AO37: 4.5 | AP37: 1.15 | AQ37: 1.807 | AR37: 0.232 | AS37: 1 | AT37: 90.19 | AU37: 0.011 | AV37: 2000 | AW37: 0.85 | AX37: 1.2 | AY37: 0.82902 | AZ37: 3.5 | BA37: 3.32 | BB37: 7.54 | BC37: 3388 | BD37: 5300 | BE37: 0.444 | BF37: 205.19507 | BG37: 6 | BH37: 13.557 | BI37: 103 | BJ37: 92 | BK37: 29.355 | BL37: -1.893 | BM37: -2 | BN37: 66 | BO37: 0.89 | BP37: 192 | BQ37: 2.5 | BR37: 0.0028 | BS37: 1.736 | BT37: 0.43 | BU37: 14 | BV37: 1032 | BW37: 0.032 | BX37: 862 | BY37: 1.32 | BZ37: 4.6 | CA37: 0.40514 | CB37: 0.91 | CC37: 0.8 | CD37: 2.42 | CE37: 3051 | CF37: 4411 | CG37: 2.39 | CH37: 64.43485 | CI37: 1 | CJ37: 4.667 | CK37: 6 | CL37: 4 | CM37: 29.58 | CN37: 0.391 | CO37: 1 | CP37: 203 | CQ37: 2.376 | CR37: 87 | CS37: 1.5 | CT37: 2.1 | CU37: 7.572 | CV37: 0.278 | CW37: 14 | CX37: 1153 | CY37: 0.068 | CZ37: 971 | DA37: 1.07 | DB37: 3.73 | DC37: 0.23831 | DD37: 1.01 | DE37: 0.89 | DF37: 2.85 | DG37: 4562 | DH37: 6912 | DI37: 2.64 | DJ37: 51.12083 | DK37: 1 | DL37: 26.451 | DM37: 7 | DN37: 5 | DO37: 28.24 | DP37: 2.216 | DQ37: 1 | DR37: 154 | DS37: 1.911 | DT37: 83 | DU37: 1.5 | DV37: 0.53 | DW37: 3.926 | DX37: 0.288 | DY37: 12 | DZ37: 1363 | EA37: 0.354 | EB37: 1738 | EC37: 1.09 | ED37: 2.3 | EE37: 0.12601 | EF37: 1.23 | EG37: 1.31 | EH37: 8.3 | EI37: 1451 | EJ37: 7733 | EK37: 8.9 | EL37: 32.69891 | EM37: 2 | EN37: 6.12 | EO37: 13 | EP37: 12 | EQ37: 24.869 | ER37: 0.855 | ES37: 2 | ET37: 136 | EU37: 1602 | EV37: 98 | EW37: 2.5 | EX37: 0.063 | EY37: 2.324 | EZ37: 4.1775386 | FA37: 0.087032053 | FC37: =EZ37 -> 4.1775386 | FD37: -1823.8497 | FE37: =FD37/M37 -> -7.6311702 | FF37: =FE37*1000 -> -7631.1702 | FG37: 4.0076275 | FH37: 4.0074075 | FI37: 4.1267833 | FJ37: 66.276951 | FK37: =FJ37/M37 -> 0.27730942 | FM37: =FJ37 -> 66.276951 | FN37: -0.95 | FO37: 2.15 | FP37: 3.1 | FQ37: =FP37+0.01 -> 3.11 | FR37: =FQ37-2.86 -> 0.25 | FS37: =IF(FR37<0,0,1) -> 1
A38: K23 Na24 Ca1 Nb48 O144 | B38: Nb | C38: 48 | D38: O | E38: 144 | F38: K | G38: 23 | H38: Na | I38: 24 | J38: Ca | K38: 1 | M38: =C38+E38+G38+I38+K38 -> 240 | P38: 1.92 | Q38: 14 | R38: 3573 | S38: 1.702 | T38: 8570 | U38: 0.95 | V38: 1.75 | W38: 0.19256 | X38: 1.23 | Y38: 2.03 | Z38: 4 | AA38: 1382 | AB38: 2416 | AC38: 26.8 | AD38: 36.28 | AE38: 5 | AF38: 24.442 | AG38: 58 | AH38: 50 | AI38: 24.48 | AJ38: 6.144 | AK38: 3 | AL38: 134 | AM38: 1.468 | AN38: 450 | AO38: 4.5 | AP38: 1.15 | AQ38: 1.807 | AR38: 0.232 | AS38: 1 | AT38: 90.19 | AU38: 0.011 | AV38: 2000 | AW38: 0.85 | AX38: 1.2 | AY38: 0.82902 | AZ38: 3.5 | BA38: 3.32 | BB38: 7.54 | BC38: 3388 | BD38: 5300 | BE38: 0.444 | BF38: 205.19507 | BG38: 6 | BH38: 13.557 | BI38: 103 | BJ38: 92 | BK38: 29.355 | BL38: -1.893 | BM38: -2 | BN38: 66 | BO38: 0.89 | BP38: 192 | BQ38: 2.5 | BR38: 0.0028 | BS38: 1.736 | BT38: 0.43 | BU38: 14 | BV38: 1032 | BW38: 0.032 | BX38: 862 | BY38: 1.32 | BZ38: 4.6 | CA38: 0.40514 | CB38: 0.91 | CC38: 0.8 | CD38: 2.42 | CE38: 3051 | CF38: 4411 | CG38: 2.39 | CH38: 64.43485 | CI38: 1 | CJ38: 4.667 | CK38: 6 | CL38: 4 | CM38: 29.58 | CN38: 0.391 | CO38: 1 | CP38: 203 | CQ38: 2.376 | CR38: 87 | CS38: 1.5 | CT38: 2.1 | CU38: 7.572 | CV38: 0.278 | CW38: 14 | CX38: 1153 | CY38: 0.068 | CZ38: 971 | DA38: 1.07 | DB38: 3.73 | DC38: 0.23831 | DD38: 1.01 | DE38: 0.89 | DF38: 2.85 | DG38: 4562 | DH38: 6912 | DI38: 2.64 | DJ38: 51.12083 | DK38: 1 | DL38: 26.451 | DM38: 7 | DN38: 5 | DO38: 28.24 | DP38: 2.216 | DQ38: 1 | DR38: 154 | DS38: 1.911 | DT38: 83 | DU38: 1.5 | DV38: 0.53 | DW38: 3.926 | DX38: 1.07 | DY38: 12 | DZ38: 1757 | EA38: 0.152 | EB38: 1550 | EC38: 1.25 | ED38: 2.7 | EE38: 0.20767 | EF38: 1.04 | EG38: 1.17 | EH38: 2.2 | EI38: 1145 | EJ38: 4912 | EK38: 8.6 | EL38: 41.65866 | EM38: 2 | EN38: 6.728 | EO38: 12 | EP38: 11 | EQ38: 25.31 | ER38: -1.315 | ES38: 2 | ET38: 174 | EU38: 1.974 | EV38: 163 | EW38: 3.5 | EX38: 0.43 | EY38: 4.633 | EZ38: -0.77738805 | FB38: =EZ38 -> -0.77738805 | FD38: -1835.5672 | FE38: =FD38/M38 -> -7.6481967 | FF38: =FE38*1000 -> -7648.1967 | FG38: 4.03048 | FH38: 4.0302175 | FI38: 4.1208567 | FJ38: 66.938005 | FK38: =FJ38/M38 -> 0.27890835 | FL38: =FJ38 -> 66.938005 | FN38: -0.85 | FO38: 1.92 | FP38: 2.77 | FQ38: =FP38+0.01 -> 2.78 | FR38: =FQ38-2.86 -> -0.08 | FS38: =IF(FR38<0,0,1) -> 0
A39: K24 Na23 Ca1 Nb48 O144 | B39: Nb | C39: 48 | D39: O | E39: 144 | F39: K | G39: 24 | H39: Na | I39: 23 | J39: Ca | K39: 1 | M39: =C39+E39+G39+I39+K39 -> 240 | P39: 1.92 | Q39: 14 | R39: 3573 | S39: 1.702 | T39: 8570 | U39: 0.95 | V39: 1.75 | W39: 0.19256 | X39: 1.23 | Y39: 2.03 | Z39: 4 | AA39: 1382 | AB39: 2416 | AC39: 26.8 | AD39: 36.28 | AE39: 5 | AF39: 24.442 | AG39: 58 | AH39: 50 | AI39: 24.48 | AJ39: 6.144 | AK39: 3 | AL39: 134 | AM39: 1.468 | AN39: 450 | AO39: 4.5 | AP39: 1.15 | AQ39: 1.807 | AR39: 0.232 | AS39: 1 | AT39: 90.19 | AU39: 0.011 | AV39: 2000 | AW39: 0.85 | AX39: 1.2 | AY39: 0.82902 | AZ39: 3.5 | BA39: 3.32 | BB39: 7.54 | BC39: 3388 | BD39: 5300 | BE39: 0.444 | BF39: 205.19507 | BG39: 6 | BH39: 13.557 | BI39: 103 | BJ39: 92 | BK39: 29.355 | BL39: -1.893 | BM39: -2 | BN39: 66 | BO39: 0.89 | BP39: 192 | BQ39: 2.5 | BR39: 0.0028 | BS39: 1.736 | BT39: 0.43 | BU39: 14 | BV39: 1032 | BW39: 0.032 | BX39: 862 | BY39: 1.32 | BZ39: 4.6 | CA39: 0.40514 | CB39: 0.91 | CC39: 0.8 | CD39: 2.42 | CE39: 3051 | CF39: 4411 | CG39: 2.39 | CH39: 64.43485 | CI39: 1 | CJ39: 4.667 | CK39: 6 | CL39: 4 | CM39: 29.58 | CN39: 0.391 | CO39: 1 | CP39: 203 | CQ39: 2.376 | CR39: 87 | CS39: 1.5 | CT39: 2.1 | CU39: 7.572 | CV39: 0.278 | CW39: 14 | CX39: 1153 | CY39: 0.068 | CZ39: 971 | DA39: 1.07 | DB39: 3.73 | DC39: 0.23831 | DD39: 1.01 | DE39: 0.89 | DF39: 2.85 | DG39: 4562 | DH39: 6912 | DI39: 2.64 | DJ39: 51.12083 | DK39: 1 | DL39: 26.451 | DM39: 7 | DN39: 5 | DO39: 28.24 | DP39: 2.216 | DQ39: 1 | DR39: 154 | DS39: 1.911 | DT39: 83 | DU39: 1.5 | DV39: 0.53 | DW39: 3.926 | DX39: 1.07 | DY39: 12 | DZ39: 1757 | EA39: 0.152 | EB39: 1550 | EC39: 1.25 | ED39: 2.7 | EE39: 0.20767 | EF39: 1.04 | EG39: 1.17 | EH39: 2.2 | EI39: 1145 | EJ39: 4912 | EK39: 8.6 | EL39: 41.65866 | EM39: 2 | EN39: 6.728 | EO39: 12 | EP39: 11 | EQ39: 25.31 | ER39: -1.315 | ES39: 2 | ET39: 174 | EU39: 1.974 | EV39: 163 | EW39: 3.5 | EX39: 0.43 | EY39: 4.633 | EZ39: -1.2268432 | FB39: =EZ39 -> -1.2268432 | FD39: -1835.7324 | FE39: =FD39/M39 -> -7.6488851 | FF39: =FE39*1000 -> -7648.8851 | FG39: 4.0304625 | FH39: 4.0302975 | FI39: 4.1210867 | FJ39: 66.942779 | FK39: =FJ39/M39 -> 0.27892825 | FL39: =FJ39 -> 66.942779 | FN39: -0.94 | FO39: 1.97 | FP39: 2.91 | FQ39: =FP39+0.01 -> 2.92 | FR39: =FQ39-2.86 -> 0.06 | FS39: =IF(FR39<0,0,1) -> 1
A40: K24 Na24 Ca1 Nb47 O144 | B40: Nb | C40: 47 | D40: O | E40: 144 | F40: K | G40: 24 | H40: Na | I40: 24 | J40: Ca | K40: 1 | M40: =C40+E40+G40+I40+K40 -> 240 | P40: 1.92 | Q40: 14 | R40: 3573 | S40: 1.702 | T40: 8570 | U40: 0.95 | V40: 1.75 | W40: 0.19256 | X40: 1.23 | Y40: 2.03 | Z40: 4 | AA40: 1382 | AB40: 2416 | AC40: 26.8 | AD40: 36.28 | AE40: 5 | AF40: 24.442 | AG40: 58 | AH40: 50 | AI40: 24.48 | AJ40: 6.144 | AK40: 3 | AL40: 134 | AM40: 1.468 | AN40: 450 | AO40: 4.5 | AP40: 1.15 | AQ40: 1.807 | AR40: 0.232 | AS40: 1 | AT40: 90.19 | AU40: 0.011 | AV40: 2000 | AW40: 0.85 | AX40: 1.2 | AY40: 0.82902 | AZ40: 3.5 | BA40: 3.32 | BB40: 7.54 | BC40: 3388 | BD40: 5300 | BE40: 0.444 | BF40: 205.19507 | BG40: 6 | BH40: 13.557 | BI40: 103 | BJ40: 92 | BK40: 29.355 | BL40: -1.893 | BM40: -2 | BN40: 66 | BO40: 0.89 | BP40: 192 | BQ40: 2.5 | BR40: 0.0028 | BS40: 1.736 | BT40: 0.43 | BU40: 14 | BV40: 1032 | BW40: 0.032 | BX40: 862 | BY40: 1.32 | BZ40: 4.6 | CA40: 0.40514 | CB40: 0.91 | CC40: 0.8 | CD40: 2.42 | CE40: 3051 | CF40: 4411 | CG40: 2.39 | CH40: 64.43485 | CI40: 1 | CJ40: 4.667 | CK40: 6 | CL40: 4 | CM40: 29.58 | CN40: 0.391 | CO40: 1 | CP40: 203 | CQ40: 2.376 | CR40: 87 | CS40: 1.5 | CT40: 2.1 | CU40: 7.572 | CV40: 0.278 | CW40: 14 | CX40: 1153 | CY40: 0.068 | CZ40: 971 | DA40: 1.07 | DB40: 3.73 | DC40: 0.23831 | DD40: 1.01 | DE40: 0.89 | DF40: 2.85 | DG40: 4562 | DH40: 6912 | DI40: 2.64 | DJ40: 51.12083 | DK40: 1 | DL40: 26.451 | DM40: 7 | DN40: 5 | DO40: 28.24 | DP40: 2.216 | DQ40: 1 | DR40: 154 | DS40: 1.911 | DT40: 83 | DU40: 1.5 | DV40: 0.53 | DW40: 3.926 | DX40: 1.07 | DY40: 12 | DZ40: 1757 | EA40: 0.152 | EB40: 1550 | EC40: 1.25 | ED40: 2.7 | EE40: 0.20767 | EF40: 1.04 | EG40: 1.17 | EH40: 2.2 | EI40: 1145 | EJ40: 4912 | EK40: 8.6 | EL40: 41.65866 | EM40: 2 | EN40: 6.728 | EO40: 12 | EP40: 11 | EQ40: 25.31 | ER40: -1.315 | ES40: 2 | ET40: 174 | EU40: 1.974 | EV40: 163 | EW40: 3.5 | EX40: 0.43 | EY40: 4.633 | EZ40: 7.5668998 | FB40: =EZ40 -> 7.5668998 | FD40: -1818.1571 | FE40: =FD40/M40 -> -7.5756546 | FF40: =FE40*1000 -> -7575.6546 | FG40: 4.0312975 | FH40: 4.0314275 | FI40: 4.1213567 | FJ40: 66.979809 | FK40: =FJ40/M40 -> 0.27908254 | FL40: =FJ40 -> 66.979809 | FN40: -1.11 | FO40: 2.01 | FP40: 3.12 | FQ40: =FP40+0.01 -> 3.13 | FR40: =FQ40-2.86 -> 0.27 | FS40: =IF(FR40<0,0,1) -> 1
A41: K24 Na24 Ca1 Nb48 O143 | B41: Nb | C41: 48 | D41: O | E41: 143 | F41: K | G41: 24 | H41: Na | I41: 24 | J41: Ca | K41: 1 | M41: =C41+E41+G41+I41+K41 -> 240 | P41: 1.92 | Q41: 14 | R41: 3573 | S41: 1.702 | T41: 8570 | U41: 0.95 | V41: 1.75 | W41: 0.19256 | X41: 1.23 | Y41: 2.03 | Z41: 4 | AA41: 1382 | AB41: 2416 | AC41: 26.8 | AD41: 36.28 | AE41: 5 | AF41: 24.442 | AG41: 58 | AH41: 50 | AI41: 24.48 | AJ41: 6.144 | AK41: 3 | AL41: 134 | AM41: 1.468 | AN41: 450 | AO41: 4.5 | AP41: 1.15 | AQ41: 1.807 | AR41: 0.232 | AS41: 1 | AT41: 90.19 | AU41: 0.011 | AV41: 2000 | AW41: 0.85 | AX41: 1.2 | AY41: 0.82902 | AZ41: 3.5 | BA41: 3.32 | BB41: 7.54 | BC41: 3388 | BD41: 5300 | BE41: 0.444 | BF41: 205.19507 | BG41: 6 | BH41: 13.557 | BI41: 103 | BJ41: 92 | BK41: 29.355 | BL41: -1.893 | BM41: -2 | BN41: 66 | BO41: 0.89 | BP41: 192 | BQ41: 2.5 | BR41: 0.0028 | BS41: 1.736 | BT41: 0.43 | BU41: 14 | BV41: 1032 | BW41: 0.032 | BX41: 862 | BY41: 1.32 | BZ41: 4.6 | CA41: 0.40514 | CB41: 0.91 | CC41: 0.8 | CD41: 2.42 | CE41: 3051 | CF41: 4411 | CG41: 2.39 | CH41: 64.43485 | CI41: 1 | CJ41: 4.667 | CK41: 6 | CL41: 4 | CM41: 29.58 | CN41: 0.391 | CO41: 1 | CP41: 203 | CQ41: 2.376 | CR41: 87 | CS41: 1.5 | CT41: 2.1 | CU41: 7.572 | CV41: 0.278 | CW41: 14 | CX41: 1153 | CY41: 0.068 | CZ41: 971 | DA41: 1.07 | DB41: 3.73 | DC41: 0.23831 | DD41: 1.01 | DE41: 0.89 | DF41: 2.85 | DG41: 4562 | DH41: 6912 | DI41: 2.64 | DJ41: 51.12083 | DK41: 1 | DL41: 26.451 | DM41: 7 | DN41: 5 | DO41: 28.24 | DP41: 2.216 | DQ41: 1 | DR41: 154 | DS41: 1.911 | DT41: 83 | DU41: 1.5 | DV41: 0.53 | DW41: 3.926 | DX41: 1.07 | DY41: 12 | DZ41: 1757 | EA41: 0.152 | EB41: 1550 | EC41: 1.25 | ED41: 2.7 | EE41: 0.20767 | EF41: 1.04 | EG41: 1.17 | EH41: 2.2 | EI41: 1145 | EJ41: 4912 | EK41: 8.6 | EL41: 41.65866 | EM41: 2 | EN41: 6.728 | EO41: 12 | EP41: 11 | EQ41: 25.31 | ER41: -1.315 | ES41: 2 | ET41: 174 | EU41: 1.974 | EV41: 163 | EW41: 3.5 | EX41: 0.43 | EY41: 4.633 | EZ41: 5.4161338 | FB41: =EZ41 -> 5.4161338 | FD41: -1825.4523 | FE41: =FD41/M41 -> -7.6060511 | FF41: =FE41*1000 -> -7606.0511 | FG41: 4.0046375 | FH41: 3.98876 | FI41: 4.1622733 | FJ41: 66.486231 | FK41: =FJ41/M41 -> 0.27702596 | FL41: =FJ41 -> 66.486231 | FN41: -0.95 | FO41: 2.2 | FP41: 3.15 | FQ41: =FP41+0.01 -> 3.16 | FR41: =FQ41-2.86 -> 0.3 | FS41: =IF(FR41<0,0,1) -> 1
A42: K22 Na24 Ca1 Nb48 O144 | B42: Nb | C42: 48 | D42: O | E42: 144 | F42: K | G42: 22 | H42: Na | I42: 24 | J42: Ca | K42: 1 | M42: =C42+E42+G42+I42+K42 -> 239 | P42: 1.92 | Q42: 14 | R42: 3573 | S42: 1.702 | T42: 8570 | U42: 0.95 | V42: 1.75 | W42: 0.19256 | X42: 1.23 | Y42: 2.03 | Z42: 4 | AA42: 1382 | AB42: 2416 | AC42: 26.8 | AD42: 36.28 | AE42: 5 | AF42: 24.442 | AG42: 58 | AH42: 50 | AI42: 24.48 | AJ42: 6.144 | AK42: 3 | AL42: 134 | AM42: 1.468 | AN42: 450 | AO42: 4.5 | AP42: 1.15 | AQ42: 1.807 | AR42: 0.232 | AS42: 1 | AT42: 90.19 | AU42: 0.011 | AV42: 2000 | AW42: 0.85 | AX42: 1.2 | AY42: 0.82902 | AZ42: 3.5 | BA42: 3.32 | BB42: 7.54 | BC42: 3388 | BD42: 5300 | BE42: 0.444 | BF42: 205.19507 | BG42: 6 | BH42: 13.557 | BI42: 103 | BJ42: 92 | BK42: 29.355 | BL42: -1.893 | BM42: -2 | BN42: 66 | BO42: 0.89 | BP42: 192 | BQ42: 2.5 | BR42: 0.0028 | BS42: 1.736 | BT42: 0.43 | BU42: 14 | BV42: 1032 | BW42: 0.032 | BX42: 862 | BY42: 1.32 | BZ42: 4.6 | CA42: 0.40514 | CB42: 0.91 | CC42: 0.8 | CD42: 2.42 | CE42: 3051 | CF42: 4411 | CG42: 2.39 | CH42: 64.43485 | CI42: 1 | CJ42: 4.667 | CK42: 6 | CL42: 4 | CM42: 29.58 | CN42: 0.391 | CO42: 1 | CP42: 203 | CQ42: 2.376 | CR42: 87 | CS42: 1.5 | CT42: 2.1 | CU42: 7.572 | CV42: 0.278 | CW42: 14 | CX42: 1153 | CY42: 0.068 | CZ42: 971 | DA42: 1.07 | DB42: 3.73 | DC42: 0.23831 | DD42: 1.01 | DE42: 0.89 | DF42: 2.85 | DG42: 4562 | DH42: 6912 | DI42: 2.64 | DJ42: 51.12083 | DK42: 1 | DL42: 26.451 | DM42: 7 | DN42: 5 | DO42: 28.24 | DP42: 2.216 | DQ42: 1 | DR42: 154 | DS42: 1.911 | DT42: 83 | DU42: 1.5 | DV42: 0.53 | DW42: 3.926 | DX42: 1.07 | DY42: 12 | DZ42: 1757 | EA42: 0.152 | EB42: 1550 | EC42: 1.25 | ED42: 2.7 | EE42: 0.20767 | EF42: 1.04 | EG42: 1.17 | EH42: 2.2 | EI42: 1145 | EJ42: 4912 | EK42: 8.6 | EL42: 41.65866 | EM42: 2 | EN42: 6.728 | EO42: 12 | EP42: 11 | EQ42: 25.31 | ER42: -1.315 | ES42: 2 | ET42: 174 | EU42: 1.974 | EV42: 163 | EW42: 3.5 | EX42: 0.43 | EY42: 4.633 | EZ42: 0.9434597 | FA42: 0.01965541 | FC42: =EZ42 -> 0.9434597 | FD42: -1833.596 | FE42: =FD42/M42 -> -7.6719499 | FF42: =FE42*1000 -> -7671.9499 | FG42: 4.0078575 | FH42: 4.00799 | FI42: 4.1226867 | FJ42: 66.224583 | FK42: =FJ42/M42 -> 0.2770903 | FM42: =FJ42 -> 66.224583 | FN42: -0.93 | FO42: 2.01 | FP42: 2.94 | FQ42: =FP42+0.01 -> 2.95 | FR42: =FQ42-2.86 -> 0.09 | FS42: =IF(FR42<0,0,1) -> 1
A43: K23 Na23 Ca1 Nb48 O144 | B43: Nb | C43: 48 | D43: O | E43: 144 | F43: K | G43: 23 | H43: Na | I43: 23 | J43: Ca | K43: 1 | M43: =C43+E43+G43+I43+K43 -> 239 | P43: 1.92 | Q43: 14 | R43: 3573 | S43: 1.702 | T43: 8570 | U43: 0.95 | V43: 1.75 | W43: 0.19256 | X43: 1.23 | Y43: 2.03 | Z43: 4 | AA43: 1382 | AB43: 2416 | AC43: 26.8 | AD43: 36.28 | AE43: 5 | AF43: 24.442 | AG43: 58 | AH43: 50 | AI43: 24.48 | AJ43: 6.144 | AK43: 3 | AL43: 134 | AM43: 1.468 | AN43: 450 | AO43: 4.5 | AP43: 1.15 | AQ43: 1.807 | AR43: 0.232 | AS43: 1 | AT43: 90.19 | AU43: 0.011 | AV43: 2000 | AW43: 0.85 | AX43: 1.2 | AY43: 0.82902 | AZ43: 3.5 | BA43: 3.32 | BB43: 7.54 | BC43: 3388 | BD43: 5300 | BE43: 0.444 | BF43: 205.19507 | BG43: 6 | BH43: 13.557 | BI43: 103 | BJ43: 92 | BK43: 29.355 | BL43: -1.893 | BM43: -2 | BN43: 66 | BO43: 0.89 | BP43: 192 | BQ43: 2.5 | BR43: 0.0028 | BS43: 1.736 | BT43: 0.43 | BU43: 14 | BV43: 1032 | BW43: 0.032 | BX43: 862 | BY43: 1.32 | BZ43: 4.6 | CA43: 0.40514 | CB43: 0.91 | CC43: 0.8 | CD43: 2.42 | CE43: 3051 | CF43: 4411 | CG43: 2.39 | CH43: 64.43485 | CI43: 1 | CJ43: 4.667 | CK43: 6 | CL43: 4 | CM43: 29.58 | CN43: 0.391 | CO43: 1 | CP43: 203 | CQ43: 2.376 | CR43: 87 | CS43: 1.5 | CT43: 2.1 | CU43: 7.572 | CV43: 0.278 | CW43: 14 | CX43: 1153 | CY43: 0.068 | CZ43: 971 | DA43: 1.07 | DB43: 3.73 | DC43: 0.23831 | DD43: 1.01 | DE43: 0.89 | DF43: 2.85 | DG43: 4562 | DH43: 6912 | DI43: 2.64 | DJ43: 51.12083 | DK43: 1 | DL43: 26.451 | DM43: 7 | DN43: 5 | DO43: 28.24 | DP43: 2.216 | DQ43: 1 | DR43: 154 | DS43: 1.911 | DT43: 83 | DU43: 1.5 | DV43: 0.53 | DW43: 3.926 | DX43: 1.07 | DY43: 12 | DZ43: 1757 | EA43: 0.152 | EB43: 1550 | EC43: 1.25 | ED43: 2.7 | EE43: 0.20767 | EF43: 1.04 | EG43: 1.17 | EH43: 2.2 | EI43: 1145 | EJ43: 4912 | EK43: 8.6 | EL43: 41.65866 | EM43: 2 | EN43: 6.728 | EO43: 12 | EP43: 11 | EQ43: 25.31 | ER43: -1.315 | ES43: 2 | ET43: 174 | EU43: 1.974 | EV43: 163 | EW43: 3.5 | EX43: 0.43 | EY43: 4.633 | EZ43: 2.1082616 | FA43: 0.043922116 | FC43: =EZ43 -> 2.1082616 | FD43: -1832.147 | FE43: =FD43/M43 -> -7.6658871 | FF43: =FE43*1000 -> -7665.8871 | FG43: 4.03509 | FH43: 4.03484 | FI43: 4.19181 | FJ43: 68.246618 | FK43: =FJ43/M43 -> 0.2855507 | FN43: -1.13 | FO43: 1.94 | FP43: 3.07 | FQ43: =FP43+0.01 -> 3.08 | FR43: =FQ43-2.86 -> 0.22 | FS43: =IF(FR43<0,0,1) -> 1
A44: K23 Na24 Ca1 Nb47 O144 | B44: Nb | C44: 47 | D44: O | E44: 144 | F44: K | G44: 23 | H44: Na | I44: 24 | J44: Ca | K44: 1 | M44: =C44+E44+G44+I44+K44 -> 239 | P44: 1.92 | Q44: 14 | R44: 3573 | S44: 1.702 | T44: 8570 | U44: 0.95 | V44: 1.75 | W44: 0.19256 | X44: 1.23 | Y44: 2.03 | Z44: 4 | AA44: 1382 | AB44: 2416 | AC44: 26.8 | AD44: 36.28 | AE44: 5 | AF44: 24.442 | AG44: 58 | AH44: 50 | AI44: 24.48 | AJ44: 6.144 | AK44: 3 | AL44: 134 | AM44: 1.468 | AN44: 450 | AO44: 4.5 | AP44: 1.15 | AQ44: 1.807 | AR44: 0.232 | AS44: 1 | AT44: 90.19 | AU44: 0.011 | AV44: 2000 | AW44: 0.85 | AX44: 1.2 | AY44: 0.82902 | AZ44: 3.5 | BA44: 3.32 | BB44: 7.54 | BC44: 3388 | BD44: 5300 | BE44: 0.444 | BF44: 205.19507 | BG44: 6 | BH44: 13.557 | BI44: 103 | BJ44: 92 | BK44: 29.355 | BL44: -1.893 | BM44: -2 | BN44: 66 | BO44: 0.89 | BP44: 192 | BQ44: 2.5 | BR44: 0.0028 | BS44: 1.736 | BT44: 0.43 | BU44: 14 | BV44: 1032 | BW44: 0.032 | BX44: 862 | BY44: 1.32 | BZ44: 4.6 | CA44: 0.40514 | CB44: 0.91 | CC44: 0.8 | CD44: 2.42 | CE44: 3051 | CF44: 4411 | CG44: 2.39 | CH44: 64.43485 | CI44: 1 | CJ44: 4.667 | CK44: 6 | CL44: 4 | CM44: 29.58 | CN44: 0.391 | CO44: 1 | CP44: 203 | CQ44: 2.376 | CR44: 87 | CS44: 1.5 | CT44: 2.1 | CU44: 7.572 | CV44: 0.278 | CW44: 14 | CX44: 1153 | CY44: 0.068 | CZ44: 971 | DA44: 1.07 | DB44: 3.73 | DC44: 0.23831 | DD44: 1.01 | DE44: 0.89 | DF44: 2.85 | DG44: 4562 | DH44: 6912 | DI44: 2.64 | DJ44: 51.12083 | DK44: 1 | DL44: 26.451 | DM44: 7 | DN44: 5 | DO44: 28.24 | DP44: 2.216 | DQ44: 1 | DR44: 154 | DS44: 1.911 | DT44: 83 | DU44: 1.5 | DV44: 0.53 | DW44: 3.926 | DX44: 1.07 | DY44: 12 | DZ44: 1757 | EA44: 0.152 | EB44: 1550 | EC44: 1.25 | ED44: 2.7 | EE44: 0.20767 | EF44: 1.04 | EG44: 1.17 | EH44: 2.2 | EI44: 1145 | EJ44: 4912 | EK44: 8.6 | EL44: 41.65866 | EM44: 2 | EN44: 6.728 | EO44: 12 | EP44: 11 | EQ44: 25.31 | ER44: -1.315 | ES44: 2 | ET44: 174 | EU44: 1.974 | EV44: 163 | EW44: 3.5 | EX44: 0.43 | EY44: 4.633 | EZ44: 14.064979 | FA44: 0.29302039 | FC44: =EZ44 -> 14.064979 | FD44: -1811.4087 | FE44: =FD44/M44 -> -7.5791159 | FF44: =FE44*1000 -> -7579.1159 | FG44: 4.036545 | FH44: 4.0368525 | FI44: 4.1886767 | FJ44: 68.254221 | FK44: =FJ44/M44 -> 0.28558252 | FN44: -1.28 | FO44: 1.93 | FP44: 3.21 | FQ44: =FP44+0.01 -> 3.22 | FR44: =FQ44-2.86 -> 0.36 | FS44: =IF(FR44<0,0,1) -> 1
A45: K23 Na24 Ca1 Nb48 O143 | B45: Nb | C45: 48 | D45: O | E45: 143 | F45: K | G45: 23 | H45: Na | I45: 24 | J45: Ca | K45: 1 | M45: =C45+E45+G45+I45+K45 -> 239 | P45: 1.92 | Q45: 14 | R45: 3573 | S45: 1.702 | T45: 8570 | U45: 0.95 | V45: 1.75 | W45: 0.19256 | X45: 1.23 | Y45: 2.03 | Z45: 4 | AA45: 1382 | AB45: 2416 | AC45: 26.8 | AD45: 36.28 | AE45: 5 | AF45: 24.442 | AG45: 58 | AH45: 50 | AI45: 24.48 | AJ45: 6.144 | AK45: 3 | AL45: 134 | AM45: 1.468 | AN45: 450 | AO45: 4.5 | AP45: 1.15 | AQ45: 1.807 | AR45: 0.232 | AS45: 1 | AT45: 90.19 | AU45: 0.011 | AV45: 2000 | AW45: 0.85 | AX45: 1.2 | AY45: 0.82902 | AZ45: 3.5 | BA45: 3.32 | BB45: 7.54 | BC45: 3388 | BD45: 5300 | BE45: 0.444 | BF45: 205.19507 | BG45: 6 | BH45: 13.557 | BI45: 103 | BJ45: 92 | BK45: 29.355 | BL45: -1.893 | BM45: -2 | BN45: 66 | BO45: 0.89 | BP45: 192 | BQ45: 2.5 | BR45: 0.0028 | BS45: 1.736 | BT45: 0.43 | BU45: 14 | BV45: 1032 | BW45: 0.032 | BX45: 862 | BY45: 1.32 | BZ45: 4.6 | CA45: 0.40514 | CB45: 0.91 | CC45: 0.8 | CD45: 2.42 | CE45: 3051 | CF45: 4411 | CG45: 2.39 | CH45: 64.43485 | CI45: 1 | CJ45: 4.667 | CK45: 6 | CL45: 4 | CM45: 29.58 | CN45: 0.391 | CO45: 1 | CP45: 203 | CQ45: 2.376 | CR45: 87 | CS45: 1.5 | CT45: 2.1 | CU45: 7.572 | CV45: 0.278 | CW45: 14 | CX45: 1153 | CY45: 0.068 | CZ45: 971 | DA45: 1.07 | DB45: 3.73 | DC45: 0.23831 | DD45: 1.01 | DE45: 0.89 | DF45: 2.85 | DG45: 4562 | DH45: 6912 | DI45: 2.64 | DJ45: 51.12083 | DK45: 1 | DL45: 26.451 | DM45: 7 | DN45: 5 | DO45: 28.24 | DP45: 2.216 | DQ45: 1 | DR45: 154 | DS45: 1.911 | DT45: 83 | DU45: 1.5 | DV45: 0.53 | DW45: 3.926 | DX45: 1.07 | DY45: 12 | DZ45: 1757 | EA45: 0.152 | EB45: 1550 | EC45: 1.25 | ED45: 2.7 | EE45: 0.20767 | EF45: 1.04 | EG45: 1.17 | EH45: 2.2 | EI45: 1145 | EJ45: 4912 | EK45: 8.6 | EL45: 41.65866 | EM45: 2 | EN45: 6.728 | EO45: 12 | EP45: 11 | EQ45: 25.31 | ER45: -1.315 | ES45: 2 | ET45: 174 | EU45: 1.974 | EV45: 163 | EW45: 3.5 | EX45: 0.43 | EY45: 4.633 | EZ45: 3.1884996 | FA45: 0.066427074 | FC45: =EZ45 -> 3.1884996 | FD45: -1827.4296 | FE45: =FD45/M45 -> -7.6461489 | FF45: =FE45*1000 -> -7646.1489 | FG45: 4.005615 | FH45: 4.00798 | FI45: 4.1224533 | FJ45: 66.183617 | FK45: =FJ45/M45 -> 0.2769189 | FM45: =FJ45 -> 66.183617 | FN45: -0.88 | FO45: 2.15 | FP45: 3.03 | FQ45: =FP45+0.01 -> 3.04 | FR45: =FQ45-2.86 -> 0.18 | FS45: =IF(FR45<0,0,1) -> 1
A46: K23 Na23 Ca1 Nb48 O144 | B46: Nb | C46: 48 | D46: O | E46: 144 | F46: K | G46: 23 | H46: Na | I46: 23 | J46: Ca | K46: 1 | M46: =C46+E46+G46+I46+K46 -> 239 | P46: 1.92 | Q46: 14 | R46: 3573 | S46: 1.702 | T46: 8570 | U46: 0.95 | V46: 1.75 | W46: 0.19256 | X46: 1.23 | Y46: 2.03 | Z46: 4 | AA46: 1382 | AB46: 2416 | AC46: 26.8 | AD46: 36.28 | AE46: 5 | AF46: 24.442 | AG46: 58 | AH46: 50 | AI46: 24.48 | AJ46: 6.144 | AK46: 3 | AL46: 134 | AM46: 1.468 | AN46: 450 | AO46: 4.5 | AP46: 1.15 | AQ46: 1.807 | AR46: 0.232 | AS46: 1 | AT46: 90.19 | AU46: 0.011 | AV46: 2000 | AW46: 0.85 | AX46: 1.2 | AY46: 0.82902 | AZ46: 3.5 | BA46: 3.32 | BB46: 7.54 | BC46: 3388 | BD46: 5300 | BE46: 0.444 | BF46: 205.19507 | BG46: 6 | BH46: 13.557 | BI46: 103 | BJ46: 92 | BK46: 29.355 | BL46: -1.893 | BM46: -2 | BN46: 66 | BO46: 0.89 | BP46: 192 | BQ46: 2.5 | BR46: 0.0028 | BS46: 1.736 | BT46: 0.43 | BU46: 14 | BV46: 1032 | BW46: 0.032 | BX46: 862 | BY46: 1.32 | BZ46: 4.6 | CA46: 0.40514 | CB46: 0.91 | CC46: 0.8 | CD46: 2.42 | CE46: 3051 | CF46: 4411 | CG46: 2.39 | CH46: 64.43485 | CI46: 1 | CJ46: 4.667 | CK46: 6 | CL46: 4 | CM46: 29.58 | CN46: 0.391 | CO46: 1 | CP46: 203 | CQ46: 2.376 | CR46: 87 | CS46: 1.5 | CT46: 2.1 | CU46: 7.572 | CV46: 0.278 | CW46: 14 | CX46: 1153 | CY46: 0.068 | CZ46: 971 | DA46: 1.07 | DB46: 3.73 | DC46: 0.23831 | DD46: 1.01 | DE46: 0.89 | DF46: 2.85 | DG46: 4562 | DH46: 6912 | DI46: 2.64 | DJ46: 51.12083 | DK46: 1 | DL46: 26.451 | DM46: 7 | DN46: 5 | DO46: 28.24 | DP46: 2.216 | DQ46: 1 | DR46: 154 | DS46: 1.911 | DT46: 83 | DU46: 1.5 | DV46: 0.53 | DW46: 3.926 | DX46: 1.07 | DY46: 12 | DZ46: 1757 | EA46: 0.152 | EB46: 1550 | EC46: 1.25 | ED46: 2.7 | EE46: 0.20767 | EF46: 1.04 | EG46: 1.17 | EH46: 2.2 | EI46: 1145 | EJ46: 4912 | EK46: 8.6 | EL46: 41.65866 | EM46: 2 | EN46: 6.728 | EO46: 12 | EP46: 11 | EQ46: 25.31 | ER46: -1.315 | ES46: 2 | ET46: 174 | EU46: 1.974 | EV46: 163 | EW46: 3.5 | EX46: 0.43 | EY46: 4.633 | EZ46: 1.4860037 | FA46: 0.03095841 | FC46: =EZ46 -> 1.4860037 | FD46: -1833.2187 | FE46: =FD46/M46 -> -7.6703712 | FF46: =FE46*1000 -> -7670.3712 | FG46: 4.03193 | FH46: 4.0348675 | FI46: 4.1899067 | FJ46: 68.162673 | FK46: =FJ46/M46 -> 0.28519947 | FN46: -1.09 | FO46: 1.86 | FP46: 2.95 | FQ46: =FP46+0.01 -> 2.96 | FR46: =FQ46-2.86 -> 0.1 | FS46: =IF(FR46<0,0,1) -> 1
A47: K24 Na22 Ca1 Nb48 O144 | B47: Nb | C47: 48 | D47: O | E47: 144 | F47: K | G47: 24 | H47: Na | I47: 22 | J47: Ca | K47: 1 | M47: =C47+E47+G47+I47+K47 -> 239 | P47: 1.92 | Q47: 14 | R47: 3573 | S47: 1.702 | T47: 8570 | U47: 0.95 | V47: 1.75 | W47: 0.19256 | X47: 1.23 | Y47: 2.03 | Z47: 4 | AA47: 1382 | AB47: 2416 | AC47: 26.8 | AD47: 36.28 | AE47: 5 | AF47: 24.442 | AG47: 58 | AH47: 50 | AI47: 24.48 | AJ47: 6.144 | AK47: 3 | AL47: 134 | AM47: 1.468 | AN47: 450 | AO47: 4.5 | AP47: 1.15 | AQ47: 1.807 | AR47: 0.232 | AS47: 1 | AT47: 90.19 | AU47: 0.011 | AV47: 2000 | AW47: 0.85 | AX47: 1.2 | AY47: 0.82902 | AZ47: 3.5 | BA47: 3.32 | BB47: 7.54 | BC47: 3388 | BD47: 5300 | BE47: 0.444 | BF47: 205.19507 | BG47: 6 | BH47: 13.557 | BI47: 103 | BJ47: 92 | BK47: 29.355 | BL47: -1.893 | BM47: -2 | BN47: 66 | BO47: 0.89 | BP47: 192 | BQ47: 2.5 | BR47: 0.0028 | BS47: 1.736 | BT47: 0.43 | BU47: 14 | BV47: 1032 | BW47: 0.032 | BX47: 862 | BY47: 1.32 | BZ47: 4.6 | CA47: 0.40514 | CB47: 0.91 | CC47: 0.8 | CD47: 2.42 | CE47: 3051 | CF47: 4411 | CG47: 2.39 | CH47: 64.43485 | CI47: 1 | CJ47: 4.667 | CK47: 6 | CL47: 4 | CM47: 29.58 | CN47: 0.391 | CO47: 1 | CP47: 203 | CQ47: 2.376 | CR47: 87 | CS47: 1.5 | CT47: 2.1 | CU47: 7.572 | CV47: 0.278 | CW47: 14 | CX47: 1153 | CY47: 0.068 | CZ47: 971 | DA47: 1.07 | DB47: 3.73 | DC47: 0.23831 | DD47: 1.01 | DE47: 0.89 | DF47: 2.85 | DG47: 4562 | DH47: 6912 | DI47: 2.64 | DJ47: 51.12083 | DK47: 1 | DL47: 26.451 | DM47: 7 | DN47: 5 | DO47: 28.24 | DP47: 2.216 | DQ47: 1 | DR47: 154 | DS47: 1.911 | DT47: 83 | DU47: 1.5 | DV47: 0.53 | DW47: 3.926 | DX47: 1.07 | DY47: 12 | DZ47: 1757 | EA47: 0.152 | EB47: 1550 | EC47: 1.25 | ED47: 2.7 | EE47: 0.20767 | EF47: 1.04 | EG47: 1.17 | EH47: 2.2 | EI47: 1145 | EJ47: 4912 | EK47: 8.6 | EL47: 41.65866 | EM47: 2 | EN47: 6.728 | EO47: 12 | EP47: 11 | EQ47: 25.31 | ER47: -1.315 | ES47: 2 | ET47: 174 | EU47: 1.974 | EV47: 163 | EW47: 3.5 | EX47: 0.43 | EY47: 4.633 | EZ47: 2.8260645 | FA47: 0.058876345 | FC47: =EZ47 -> 2.8260645 | FD47: -1831.5944 | FE47: =FD47/M47 -> -7.6635751 | FF47: =FE47*1000 -> -7663.5751 | FG47: 4.0312075 | FH47: 4.03228 | FI47: 4.19736 | FJ47: 68.227908 | FK47: =FJ47/M47 -> 0.28547242 | FN47: -1.11 | FO47: 1.83 | FP47: 2.94 | FQ47: =FP47+0.01 -> 2.95 | FR47: =FQ47-2.86 -> 0.09 | FS47: =IF(FR47<0,0,1) -> 1
A48: K24 Na23 Ca1 Nb47 O144 | B48: Nb | C48: 47 | D48: O | E48: 144 | F48: K | G48: 24 | H48: Na | I48: 23 | J48: Ca | K48: 1 | M48: =C48+E48+G48+I48+K48 -> 239 | P48: 1.92 | Q48: 14 | R48: 3573 | S48: 1.702 | T48: 8570 | U48: 0.95 | V48: 1.75 | W48: 0.19256 | X48: 1.23 | Y48: 2.03 | Z48: 4 | AA48: 1382 | AB48: 2416 | AC48: 26.8 | AD48: 36.28 | AE48: 5 | AF48: 24.442 | AG48: 58 | AH48: 50 | AI48: 24.48 | AJ48: 6.144 | AK48: 3 | AL48: 134 | AM48: 1.468 | AN48: 450 | AO48: 4.5 | AP48: 1.15 | AQ48: 1.807 | AR48: 0.232 | AS48: 1 | AT48: 90.19 | AU48: 0.011 | AV48: 2000 | AW48: 0.85 | AX48: 1.2 | AY48: 0.82902 | AZ48: 3.5 | BA48: 3.32 | BB48: 7.54 | BC48: 3388 | BD48: 5300 | BE48: 0.444 | BF48: 205.19507 | BG48: 6 | BH48: 13.557 | BI48: 103 | BJ48: 92 | BK48: 29.355 | BL48: -1.893 | BM48: -2 | BN48: 66 | BO48: 0.89 | BP48: 192 | BQ48: 2.5 | BR48: 0.0028 | BS48: 1.736 | BT48: 0.43 | BU48: 14 | BV48: 1032 | BW48: 0.032 | BX48: 862 | BY48: 1.32 | BZ48: 4.6 | CA48: 0.40514 | CB48: 0.91 | CC48: 0.8 | CD48: 2.42 | CE48: 3051 | CF48: 4411 | CG48: 2.39 | CH48: 64.43485 | CI48: 1 | CJ48: 4.667 | CK48: 6 | CL48: 4 | CM48: 29.58 | CN48: 0.391 | CO48: 1 | CP48: 203 | CQ48: 2.376 | CR48: 87 | CS48: 1.5 | CT48: 2.1 | CU48: 7.572 | CV48: 0.278 | CW48: 14 | CX48: 1153 | CY48: 0.068 | CZ48: 971 | DA48: 1.07 | DB48: 3.73 | DC48: 0.23831 | DD48: 1.01 | DE48: 0.89 | DF48: 2.85 | DG48: 4562 | DH48: 6912 | DI48: 2.64 | DJ48: 51.12083 | DK48: 1 | DL48: 26.451 | DM48: 7 | DN48: 5 | DO48: 28.24 | DP48: 2.216 | DQ48: 1 | DR48: 154 | DS48: 1.911 | DT48: 83 | DU48: 1.5 | DV48: 0.53 | DW48: 3.926 | DX48: 1.07 | DY48: 12 | DZ48: 1757 | EA48: 0.152 | EB48: 1550 | EC48: 1.25 | ED48: 2.7 | EE48: 0.20767 | EF48: 1.04 | EG48: 1.17 | EH48: 2.2 | EI48: 1145 | EJ48: 4912 | EK48: 8.6 | EL48: 41.65866 | EM48: 2 | EN48: 6.728 | EO48: 12 | EP48: 11 | EQ48: 25.31 | ER48: -1.315 | ES48: 2 | ET48: 174 | EU48: 1.974 | EV48: 163 | EW48: 3.5 | EX48: 0.43 | EY48: 4.633 | EZ48: 14.861154 | FA48: 0.30960737 | FC48: =EZ48 -> 14.861154 | FD48: -1810.7778 | FE48: =FD48/M48 -> -7.576476 | FF48: =FE48*1000 -> -7576.476 | FG48: 4.0350475 | FH48: 4.0325225 | FI48: 4.19136 | FJ48: 68.199378 | FK48: =FJ48/M48 -> 0.28535305 | FN48: -1.21 | FO48: 1.64 | FP48: 2.85 | FQ48: =FP48+0.01 -> 2.86 | FR48: =FQ48-2.86 -> 0 | FS48: =IF(FR48<0,0,1) -> 1
A49: K24 Na23 Ca1 Nb48 O143 | B49: Nb | C49: 48 | D49: O | E49: 143 | F49: K | G49: 24 | H49: Na | I49: 23 | J49: Ca | K49: 1 | M49: =C49+E49+G49+I49+K49 -> 239 | P49: 1.92 | Q49: 14 | R49: 3573 | S49: 1.702 | T49: 8570 | U49: 0.95 | V49: 1.75 | W49: 0.19256 | X49: 1.23 | Y49: 2.03 | Z49: 4 | AA49: 1382 | AB49: 2416 | AC49: 26.8 | AD49: 36.28 | AE49: 5 | AF49: 24.442 | AG49: 58 | AH49: 50 | AI49: 24.48 | AJ49: 6.144 | AK49: 3 | AL49: 134 | AM49: 1.468 | AN49: 450 | AO49: 4.5 | AP49: 1.15 | AQ49: 1.807 | AR49: 0.232 | AS49: 1 | AT49: 90.19 | AU49: 0.011 | AV49: 2000 | AW49: 0.85 | AX49: 1.2 | AY49: 0.82902 | AZ49: 3.5 | BA49: 3.32 | BB49: 7.54 | BC49: 3388 | BD49: 5300 | BE49: 0.444 | BF49: 205.19507 | BG49: 6 | BH49: 13.557 | BI49: 103 | BJ49: 92 | BK49: 29.355 | BL49: -1.893 | BM49: -2 | BN49: 66 | BO49: 0.89 | BP49: 192 | BQ49: 2.5 | BR49: 0.0028 | BS49: 1.736 | BT49: 0.43 | BU49: 14 | BV49: 1032 | BW49: 0.032 | BX49: 862 | BY49: 1.32 | BZ49: 4.6 | CA49: 0.40514 | CB49: 0.91 | CC49: 0.8 | CD49: 2.42 | CE49: 3051 | CF49: 4411 | CG49: 2.39 | CH49: 64.43485 | CI49: 1 | CJ49: 4.667 | CK49: 6 | CL49: 4 | CM49: 29.58 | CN49: 0.391 | CO49: 1 | CP49: 203 | CQ49: 2.376 | CR49: 87 | CS49: 1.5 | CT49: 2.1 | CU49: 7.572 | CV49: 0.278 | CW49: 14 | CX49: 1153 | CY49: 0.068 | CZ49: 971 | DA49: 1.07 | DB49: 3.73 | DC49: 0.23831 | DD49: 1.01 | DE49: 0.89 | DF49: 2.85 | DG49: 4562 | DH49: 6912 | DI49: 2.64 | DJ49: 51.12083 | DK49: 1 | DL49: 26.451 | DM49: 7 | DN49: 5 | DO49: 28.24 | DP49: 2.216 | DQ49: 1 | DR49: 154 | DS49: 1.911 | DT49: 83 | DU49: 1.5 | DV49: 0.53 | DW49: 3.926 | DX49: 1.07 | DY49: 12 | DZ49: 1757 | EA49: 0.152 | EB49: 1550 | EC49: 1.25 | ED49: 2.7 | EE49: 0.20767 | EF49: 1.04 | EG49: 1.17 | EH49: 2.2 | EI49: 1145 | EJ49: 4912 | EK49: 8.6 | EL49: 41.65866 | EM49: 2 | EN49: 6.728 | EO49: 12 | EP49: 11 | EQ49: 25.31 | ER49: -1.315 | ES49: 2 | ET49: 174 | EU49: 1.974 | EV49: 163 | EW49: 3.5 | EX49: 0.43 | EY49: 4.633 | EZ49: 4.5753796 | FA49: 0.095320408 | FC49: =EZ49 -> 4.5753796 | FD49: -1826.2079 | FE49: =FD49/M49 -> -7.6410374 | FF49: =FE49*1000 -> -7641.0374 | FG49: 4.0054925 | FH49: 4.00515 | FI49: 4.12996 | FJ49: 66.255289 | FK49: =FJ49/M49 -> 0.27721878 | FM49: =FJ49 -> 66.255289 | FN49: -0.93 | FO49: 2.18 | FP49: 3.11 | FQ49: =FP49+0.01 -> 3.12 | FR49: =FQ49-2.86 -> 0.26 | FS49: =IF(FR49<0,0,1) -> 1
A50: K23 Na24 Dy1 Nb48 O144 | B50: Nb | C50: 48 | D50: O | E50: 144 | F50: K | G50: 23 | H50: Na | I50: 24 | J50: Dy | K50: 1 | M50: =C50+E50+G50+I50+K50 -> 240 | P50: 1.92 | Q50: 14 | R50: 3573 | S50: 1.702 | T50: 8570 | U50: 0.95 | V50: 1.75 | W50: 0.19256 | X50: 1.23 | Y50: 2.03 | Z50: 4 | AA50: 1382 | AB50: 2416 | AC50: 26.8 | AD50: 36.28 | AE50: 5 | AF50: 24.442 | AG50: 58 | AH50: 50 | AI50: 24.48 | AJ50: 6.144 | AK50: 3 | AL50: 134 | AM50: 1.468 | AN50: 450 | AO50: 4.5 | AP50: 1.15 | AQ50: 1.807 | AR50: 0.232 | AS50: 1 | AT50: 90.19 | AU50: 0.011 | AV50: 2000 | AW50: 0.85 | AX50: 1.2 | AY50: 0.82902 | AZ50: 3.5 | BA50: 3.32 | BB50: 7.54 | BC50: 3388 | BD50: 5300 | BE50: 0.444 | BF50: 205.19507 | BG50: 6 | BH50: 13.557 | BI50: 103 | BJ50: 92 | BK50: 29.355 | BL50: -1.893 | BM50: -2 | BN50: 66 | BO50: 0.89 | BP50: 192 | BQ50: 2.5 | BR50: 0.0028 | BS50: 1.736 | BT50: 0.43 | BU50: 14 | BV50: 1032 | BW50: 0.032 | BX50: 862 | BY50: 1.32 | BZ50: 4.6 | CA50: 0.40514 | CB50: 0.91 | CC50: 0.8 | CD50: 2.42 | CE50: 3051 | CF50: 4411 | CG50: 2.39 | CH50: 64.43485 | CI50: 1 | CJ50: 4.667 | CK50: 6 | CL50: 4 | CM50: 29.58 | CN50: 0.391 | CO50: 1 | CP50: 203 | CQ50: 2.376 | CR50: 87 | CS50: 1.5 | CT50: 2.1 | CU50: 7.572 | CV50: 0.278 | CW50: 14 | CX50: 1153 | CY50: 0.068 | CZ50: 971 | DA50: 1.07 | DB50: 3.73 | DC50: 0.23831 | DD50: 1.01 | DE50: 0.89 | DF50: 2.85 | DG50: 4562 | DH50: 6912 | DI50: 2.64 | DJ50: 51.12083 | DK50: 1 | DL50: 26.451 | DM50: 7 | DN50: 5 | DO50: 28.24 | DP50: 2.216 | DQ50: 1 | DR50: 154 | DS50: 1.911 | DT50: 83 | DU50: 1.5 | DV50: 0.53 | DW50: 3.926 | DX50: 2.78 | DY50: 12 | DZ50: 2835 | EA50: 0.384 | EB50: 8550 | EC50: 1.07 | ED50: 2.18 | EE50: 0.56096 | EF50: 1.1 | EG50: 1.15 | EH50: 3.2 | EI50: 1126 | EJ50: 2230 | EK50: 17.2 | EL50: 74.81812 | EM50: 3 | EN50: 4.583 | EO50: 43 | EP50: 35 | EQ50: 28.16 | ER50: -0.53 | ES50: 2 | ET50: 159 | EU50: 1.773 | EV50: 117 | EW50: 2.5 | EX50: 920 | EY50: 3.152 | EZ50: -1.6227976 | FB50: =EZ50 -> -1.6227976 | FD50: -1839.0441 | FE50: =FD50/M50 -> -7.6626839 | FF50: =FE50*1000 -> -7662.6839 | FG50: 4.030785 | FH50: 4.0306825 | FI50: 4.1199467 | FJ50: 66.936023 | FK50: =FJ50/M50 -> 0.2789001 | FL50: =FJ50 -> 66.936023 | FN50: -0.87 | FO50: 1.99 | FP50: 2.86 | FQ50: =FP50+0.01 -> 2.87 | FR50: =FQ50-2.86 -> 0.01 | FS50: =IF(FR50<0,0,1) -> 1
A51: K24 Na23 Dy1 Nb48 O144 | B51: Nb | C51: 48 | D51: O | E51: 144 | F51: K | G51: 24 | H51: Na | I51: 23 | J51: Dy | K51: 1 | M51: =C51+E51+G51+I51+K51 -> 240 | P51: 1.92 | Q51: 14 | R51: 3573 | S51: 1.702 | T51: 8570 | U51: 0.95 | V51: 1.75 | W51: 0.19256 | X51: 1.23 | Y51: 2.03 | Z51: 4 | AA51: 1382 | AB51: 2416 | AC51: 26.8 | AD51: 36.28 | AE51: 5 | AF51: 24.442 | AG51: 58 | AH51: 50 | AI51: 24.48 | AJ51: 6.144 | AK51: 3 | AL51: 134 | AM51: 1.468 | AN51: 450 | AO51: 4.5 | AP51: 1.15 | AQ51: 1.807 | AR51: 0.232 | AS51: 1 | AT51: 90.19 | AU51: 0.011 | AV51: 2000 | AW51: 0.85 | AX51: 1.2 | AY51: 0.82902 | AZ51: 3.5 | BA51: 3.32 | BB51: 7.54 | BC51: 3388 | BD51: 5300 | BE51: 0.444 | BF51: 205.19507 | BG51: 6 | BH51: 13.557 | BI51: 103 | BJ51: 92 | BK51: 29.355 | BL51: -1.893 | BM51: -2 | BN51: 66 | BO51: 0.89 | BP51: 192 | BQ51: 2.5 | BR51: 0.0028 | BS51: 1.736 | BT51: 0.43 | BU51: 14 | BV51: 1032 | BW51: 0.032 | BX51: 862 | BY51: 1.32 | BZ51: 4.6 | CA51: 0.40514 | CB51: 0.91 | CC51: 0.8 | CD51: 2.42 | CE51: 3051 | CF51: 4411 | CG51: 2.39 | CH51: 64.43485 | CI51: 1 | CJ51: 4.667 | CK51: 6 | CL51: 4 | CM51: 29.58 | CN51: 0.391 | CO51: 1 | CP51: 203 | CQ51: 2.376 | CR51: 87 | CS51: 1.5 | CT51: 2.1 | CU51: 7.572 | CV51: 0.278 | CW51: 14 | CX51: 1153 | CY51: 0.068 | CZ51: 971 | DA51: 1.07 | DB51: 3.73 | DC51: 0.23831 | DD51: 1.01 | DE51: 0.89 | DF51: 2.85 | DG51: 4562 | DH51: 6912 | DI51: 2.64 | DJ51: 51.12083 | DK51: 1 | DL51: 26.451 | DM51: 7 | DN51: 5 | DO51: 28.24 | DP51: 2.216 | DQ51: 1 | DR51: 154 | DS51: 1.911 | DT51: 83 | DU51: 1.5 | DV51: 0.53 | DW51: 3.926 | DX51: 2.78 | DY51: 12 | DZ51: 2835 | EA51: 0.384 | EB51: 8550 | EC51: 1.07 | ED51: 2.18 | EE51: 0.56096 | EF51: 1.1 | EG51: 1.15 | EH51: 3.2 | EI51: 1126 | EJ51: 2230 | EK51: 17.2 | EL51: 74.81812 | EM51: 3 | EN51: 4.583 | EO51: 43 | EP51: 35 | EQ51: 28.16 | ER51: -0.53 | ES51: 2 | ET51: 159 | EU51: 1.773 | EV51: 117 | EW51: 2.5 | EX51: 920 | EY51: 3.152 | EZ51: -2.0802837 | FB51: =EZ51 -> -2.0802837 | FD51: -1839.2174 | FE51: =FD51/M51 -> -7.6634059 | FF51: =FE51*1000 -> -7663.4059 | FG51: 4.03101 | FH51: 4.0306675 | FI51: 4.1199833 | FJ51: 66.940089 | FK51: =FJ51/M51 -> 0.27891704 | FL51: =FJ51 -> 66.940089 | FN51: -0.91 | FO51: 2.05 | FP51: 2.96 | FQ51: =FP51+0.01 -> 2.97 | FR51: =FQ51-2.86 -> 0.11 | FS51: =IF(FR51<0,0,1) -> 1
A52: K24 Na24 Dy1 Nb47 O144 | B52: Nb | C52: 47 | D52: O | E52: 144 | F52: K | G52: 24 | H52: Na | I52: 24 | J52: Dy | K52: 1 | M52: =C52+E52+G52+I52+K52 -> 240 | P52: 1.92 | Q52: 14 | R52: 3573 | S52: 1.702 | T52: 8570 | U52: 0.95 | V52: 1.75 | W52: 0.19256 | X52: 1.23 | Y52: 2.03 | Z52: 4 | AA52: 1382 | AB52: 2416 | AC52: 26.8 | AD52: 36.28 | AE52: 5 | AF52: 24.442 | AG52: 58 | AH52: 50 | AI52: 24.48 | AJ52: 6.144 | AK52: 3 | AL52: 134 | AM52: 1.468 | AN52: 450 | AO52: 4.5 | AP52: 1.15 | AQ52: 1.807 | AR52: 0.232 | AS52: 1 | AT52: 90.19 | AU52: 0.011 | AV52: 2000 | AW52: 0.85 | AX52: 1.2 | AY52: 0.82902 | AZ52: 3.5 | BA52: 3.32 | BB52: 7.54 | BC52: 3388 | BD52: 5300 | BE52: 0.444 | BF52: 205.19507 | BG52: 6 | BH52: 13.557 | BI52: 103 | BJ52: 92 | BK52: 29.355 | BL52: -1.893 | BM52: -2 | BN52: 66 | BO52: 0.89 | BP52: 192 | BQ52: 2.5 | BR52: 0.0028 | BS52: 1.736 | BT52: 0.43 | BU52: 14 | BV52: 1032 | BW52: 0.032 | BX52: 862 | BY52: 1.32 | BZ52: 4.6 | CA52: 0.40514 | CB52: 0.91 | CC52: 0.8 | CD52: 2.42 | CE52: 3051 | CF52: 4411 | CG52: 2.39 | CH52: 64.43485 | CI52: 1 | CJ52: 4.667 | CK52: 6 | CL52: 4 | CM52: 29.58 | CN52: 0.391 | CO52: 1 | CP52: 203 | CQ52: 2.376 | CR52: 87 | CS52: 1.5 | CT52: 2.1 | CU52: 7.572 | CV52: 0.278 | CW52: 14 | CX52: 1153 | CY52: 0.068 | CZ52: 971 | DA52: 1.07 | DB52: 3.73 | DC52: 0.23831 | DD52: 1.01 | DE52: 0.89 | DF52: 2.85 | DG52: 4562 | DH52: 6912 | DI52: 2.64 | DJ52: 51.12083 | DK52: 1 | DL52: 26.451 | DM52: 7 | DN52: 5 | DO52: 28.24 | DP52: 2.216 | DQ52: 1 | DR52: 154 | DS52: 1.911 | DT52: 83 | DU52: 1.5 | DV52: 0.53 | DW52: 3.926 | DX52: 2.78 | DY52: 12 | DZ52: 2835 | EA52: 0.384 | EB52: 8550 | EC52: 1.07 | ED52: 2.18 | EE52: 0.56096 | EF52: 1.1 | EG52: 1.15 | EH52: 3.2 | EI52: 1126 | EJ52: 2230 | EK52: 17.2 | EL52: 74.81812 | EM52: 3 | EN52: 4.583 | EO52: 43 | EP52: 35 | EQ52: 28.16 | ER52: -0.53 | ES52: 2 | ET52: 159 | EU52: 1.773 | EV52: 117 | EW52: 2.5 | EX52: 920 | EY52: 3.152 | EZ52: 3.6999513 | FB52: =EZ52 -> 3.6999513 | FD52: -1824.6556 | FE52: =FD52/M52 -> -7.6027316 | FF52: =FE52*1000 -> -7602.7316 | FG52: 4.0308925 | FH52: 4.031045 | FI52: 4.1217333 | FJ52: 66.972893 | FK52: =FJ52/M52 -> 0.27905372 | FL52: =FJ52 -> 66.972893 | FN52: -1.08 | FO52: 2.02 | FP52: 3.1 | FQ52: =FP52+0.01 -> 3.11 | FR52: =FQ52-2.86 -> 0.25 | FS52: =IF(FR52<0,0,1) -> 1
A53: K24 Na24 Dy1 Nb48 O143 | B53: Nb | C53: 48 | D53: O | E53: 143 | F53: K | G53: 24 | H53: Na | I53: 24 | J53: Dy | K53: 1 | M53: =C53+E53+G53+I53+K53 -> 240 | P53: 1.92 | Q53: 14 | R53: 3573 | S53: 1.702 | T53: 8570 | U53: 0.95 | V53: 1.75 | W53: 0.19256 | X53: 1.23 | Y53: 2.03 | Z53: 4 | AA53: 1382 | AB53: 2416 | AC53: 26.8 | AD53: 36.28 | AE53: 5 | AF53: 24.442 | AG53: 58 | AH53: 50 | AI53: 24.48 | AJ53: 6.144 | AK53: 3 | AL53: 134 | AM53: 1.468 | AN53: 450 | AO53: 4.5 | AP53: 1.15 | AQ53: 1.807 | AR53: 0.232 | AS53: 1 | AT53: 90.19 | AU53: 0.011 | AV53: 2000 | AW53: 0.85 | AX53: 1.2 | AY53: 0.82902 | AZ53: 3.5 | BA53: 3.32 | BB53: 7.54 | BC53: 3388 | BD53: 5300 | BE53: 0.444 | BF53: 205.19507 | BG53: 6 | BH53: 13.557 | BI53: 103 | BJ53: 92 | BK53: 29.355 | BL53: -1.893 | BM53: -2 | BN53: 66 | BO53: 0.89 | BP53: 192 | BQ53: 2.5 | BR53: 0.0028 | BS53: 1.736 | BT53: 0.43 | BU53: 14 | BV53: 1032 | BW53: 0.032 | BX53: 862 | BY53: 1.32 | BZ53: 4.6 | CA53: 0.40514 | CB53: 0.91 | CC53: 0.8 | CD53: 2.42 | CE53: 3051 | CF53: 4411 | CG53: 2.39 | CH53: 64.43485 | CI53: 1 | CJ53: 4.667 | CK53: 6 | CL53: 4 | CM53: 29.58 | CN53: 0.391 | CO53: 1 | CP53: 203 | CQ53: 2.376 | CR53: 87 | CS53: 1.5 | CT53: 2.1 | CU53: 7.572 | CV53: 0.278 | CW53: 14 | CX53: 1153 | CY53: 0.068 | CZ53: 971 | DA53: 1.07 | DB53: 3.73 | DC53: 0.23831 | DD53: 1.01 | DE53: 0.89 | DF53: 2.85 | DG53: 4562 | DH53: 6912 | DI53: 2.64 | DJ53: 51.12083 | DK53: 1 | DL53: 26.451 | DM53: 7 | DN53: 5 | DO53: 28.24 | DP53: 2.216 | DQ53: 1 | DR53: 154 | DS53: 1.911 | DT53: 83 | DU53: 1.5 | DV53: 0.53 | DW53: 3.926 | DX53: 2.78 | DY53: 12 | DZ53: 2835 | EA53: 0.384 | EB53: 8550 | EC53: 1.07 | ED53: 2.18 | EE53: 0.56096 | EF53: 1.1 | EG53: 1.15 | EH53: 3.2 | EI53: 1126 | EJ53: 2230 | EK53: 17.2 | EL53: 74.81812 | EM53: 3 | EN53: 4.583 | EO53: 43 | EP53: 35 | EQ53: 28.16 | ER53: -0.53 | ES53: 2 | ET53: 159 | EU53: 1.773 | EV53: 117 | EW53: 2.5 | EX53: 920 | EY53: 3.152 | EZ53: 5.7251133 | FB53: =EZ53 -> 5.7251133 | FD53: -1827.7748 | FE53: =FD53/M53 -> -7.6157285 | FF53: =FE53*1000 -> -7615.7285 | FG53: 4.032505 | FH53: 4.032965 | FI53: 4.11994 | FJ53: 67.002404 | FK53: =FJ53/M53 -> 0.27917669 | FL53: =FJ53 -> 67.002404 | FN53: -0.95 | FO53: 1.96 | FP53: 2.91 | FQ53: =FP53+0.01 -> 2.92 | FR53: =FQ53-2.86 -> 0.06 | FS53: =IF(FR53<0,0,1) -> 1
A54: K22 Na24 Dy1 Nb48 O144 | B54: Nb | C54: 48 | D54: O | E54: 144 | F54: K | G54: 22 | H54: Na | I54: 24 | J54: Dy | K54: 1 | M54: =C54+E54+G54+I54+K54 -> 239 | P54: 1.92 | Q54: 14 | R54: 3573 | S54: 1.702 | T54: 8570 | U54: 0.95 | V54: 1.75 | W54: 0.19256 | X54: 1.23 | Y54: 2.03 | Z54: 4 | AA54: 1382 | AB54: 2416 | AC54: 26.8 | AD54: 36.28 | AE54: 5 | AF54: 24.442 | AG54: 58 | AH54: 50 | AI54: 24.48 | AJ54: 6.144 | AK54: 3 | AL54: 134 | AM54: 1.468 | AN54: 450 | AO54: 4.5 | AP54: 1.15 | AQ54: 1.807 | AR54: 0.232 | AS54: 1 | AT54: 90.19 | AU54: 0.011 | AV54: 2000 | AW54: 0.85 | AX54: 1.2 | AY54: 0.82902 | AZ54: 3.5 | BA54: 3.32 | BB54: 7.54 | BC54: 3388 | BD54: 5300 | BE54: 0.444 | BF54: 205.19507 | BG54: 6 | BH54: 13.557 | BI54: 103 | BJ54: 92 | BK54: 29.355 | BL54: -1.893 | BM54: -2 | BN54: 66 | BO54: 0.89 | BP54: 192 | BQ54: 2.5 | BR54: 0.0028 | BS54: 1.736 | BT54: 0.43 | BU54: 14 | BV54: 1032 | BW54: 0.032 | BX54: 862 | BY54: 1.32 | BZ54: 4.6 | CA54: 0.40514 | CB54: 0.91 | CC54: 0.8 | CD54: 2.42 | CE54: 3051 | CF54: 4411 | CG54: 2.39 | CH54: 64.43485 | CI54: 1 | CJ54: 4.667 | CK54: 6 | CL54: 4 | CM54: 29.58 | CN54: 0.391 | CO54: 1 | CP54: 203 | CQ54: 2.376 | CR54: 87 | CS54: 1.5 | CT54: 2.1 | CU54: 7.572 | CV54: 0.278 | CW54: 14 | CX54: 1153 | CY54: 0.068 | CZ54: 971 | DA54: 1.07 | DB54: 3.73 | DC54: 0.23831 | DD54: 1.01 | DE54: 0.89 | DF54: 2.85 | DG54: 4562 | DH54: 6912 | DI54: 2.64 | DJ54: 51.12083 | DK54: 1 | DL54: 26.451 | DM54: 7 | DN54: 5 | DO54: 28.24 | DP54: 2.216 | DQ54: 1 | DR54: 154 | DS54: 1.911 | DT54: 83 | DU54: 1.5 | DV54: 0.53 | DW54: 3.926 | DX54: 2.78 | DY54: 12 | DZ54: 2835 | EA54: 0.384 | EB54: 8550 | EC54: 1.07 | ED54: 2.18 | EE54: 0.56096 | EF54: 1.1 | EG54: 1.15 | EH54: 3.2 | EI54: 1126 | EJ54: 2230 | EK54: 17.2 | EL54: 74.81812 | EM54: 3 | EN54: 4.583 | EO54: 43 | EP54: 35 | EQ54: 28.16 | ER54: -0.53 | ES54: 2 | ET54: 159 | EU54: 1.773 | EV54: 117 | EW54: 2.5 | EX54: 920 | EY54: 3.152 | EZ54: 0.8347327 | FA54: 0.017390265 | FC54: =EZ54 -> 0.8347327 | FD54: -1837.1817 | FE54: =FD54/M54 -> -7.6869527 | FF54: =FE54*1000 -> -7686.9527 | FG54: 4.006665 | FH54: 4.0058975 | FI54: 4.12252 | FJ54: 66.167586 | FK54: =FJ54/M54 -> 0.27685182 | FM54: =FJ54 -> 66.167586 | FN54: -0.82 | FO54: 2.06 | FP54: 2.88 | FQ54: =FP54+0.01 -> 2.89 | FR54: =FQ54-2.86 -> 0.03 | FS54: =IF(FR54<0,0,1) -> 1
A55: K23 Na23 Dy1 Nb48 O144 | B55: Nb | C55: 48 | D55: O | E55: 144 | F55: K | G55: 23 | H55: Na | I55: 23 | J55: Dy | K55: 1 | M55: =C55+E55+G55+I55+K55 -> 239 | P55: 1.92 | Q55: 14 | R55: 3573 | S55: 1.702 | T55: 8570 | U55: 0.95 | V55: 1.75 | W55: 0.19256 | X55: 1.23 | Y55: 2.03 | Z55: 4 | AA55: 1382 | AB55: 2416 | AC55: 26.8 | AD55: 36.28 | AE55: 5 | AF55: 24.442 | AG55: 58 | AH55: 50 | AI55: 24.48 | AJ55: 6.144 | AK55: 3 | AL55: 134 | AM55: 1.468 | AN55: 450 | AO55: 4.5 | AP55: 1.15 | AQ55: 1.807 | AR55: 0.232 | AS55: 1 | AT55: 90.19 | AU55: 0.011 | AV55: 2000 | AW55: 0.85 | AX55: 1.2 | AY55: 0.82902 | AZ55: 3.5 | BA55: 3.32 | BB55: 7.54 | BC55: 3388 | BD55: 5300 | BE55: 0.444 | BF55: 205.19507 | BG55: 6 | BH55: 13.557 | BI55: 103 | BJ55: 92 | BK55: 29.355 | BL55: -1.893 | BM55: -2 | BN55: 66 | BO55: 0.89 | BP55: 192 | BQ55: 2.5 | BR55: 0.0028 | BS55: 1.736 | BT55: 0.43 | BU55: 14 | BV55: 1032 | BW55: 0.032 | BX55: 862 | BY55: 1.32 | BZ55: 4.6 | CA55: 0.40514 | CB55: 0.91 | CC55: 0.8 | CD55: 2.42 | CE55: 3051 | CF55: 4411 | CG55: 2.39 | CH55: 64.43485 | CI55: 1 | CJ55: 4.667 | CK55: 6 | CL55: 4 | CM55: 29.58 | CN55: 0.391 | CO55: 1 | CP55: 203 | CQ55: 2.376 | CR55: 87 | CS55: 1.5 | CT55: 2.1 | CU55: 7.572 | CV55: 0.278 | CW55: 14 | CX55: 1153 | CY55: 0.068 | CZ55: 971 | DA55: 1.07 | DB55: 3.73 | DC55: 0.23831 | DD55: 1.01 | DE55: 0.89 | DF55: 2.85 | DG55: 4562 | DH55: 6912 | DI55: 2.64 | DJ55: 51.12083 | DK55: 1 | DL55: 26.451 | DM55: 7 | DN55: 5 | DO55: 28.24 | DP55: 2.216 | DQ55: 1 | DR55: 154 | DS55: 1.911 | DT55: 83 | DU55: 1.5 | DV55: 0.53 | DW55: 3.926 | DX55: 2.78 | DY55: 12 | DZ55: 2835 | EA55: 0.384 | EB55: 8550 | EC55: 1.07 | ED55: 2.18 | EE55: 0.56096 | EF55: 1.1 | EG55: 1.15 | EH55: 3.2 | EI55: 1126 | EJ55: 2230 | EK55: 17.2 | EL55: 74.81812 | EM55: 3 | EN55: 4.583 | EO55: 43 | EP55: 35 | EQ55: 28.16 | ER55: -0.53 | ES55: 2 | ET55: 159 | EU55: 1.773 | EV55: 117 | EW55: 2.5 | EX55: 920 | EY55: 3.152 | EZ55: 0.67102055 | FA55: 0.013979595 | FC55: =EZ55 -> 0.67102055 | FD55: -1837.0612 | FE55: =FD55/M55 -> -7.6864485 | FF55: =FE55*1000 -> -7686.4485 | FG55: 4.0086575 | FH55: 4.0087925 | FI55: 4.1629033 | FJ55: 66.897293 | FK55: =FJ55/M55 -> 0.27990499 | FM55: =FJ55 -> 66.897293 | FN55: -0.96 | FO55: 2.1 | FP55: 3.06 | FQ55: =FP55+0.01 -> 3.07 | FR55: =FQ55-2.86 -> 0.21 | FS55: =IF(FR55<0,0,1) -> 1
A56: K23 Na24 Dy1 Nb47 O144 | B56: Nb | C56: 47 | D56: O | E56: 144 | F56: K | G56: 23 | H56: Na | I56: 24 | J56: Dy | K56: 1 | M56: =C56+E56+G56+I56+K56 -> 239 | P56: 1.92 | Q56: 14 | R56: 3573 | S56: 1.702 | T56: 8570 | U56: 0.95 | V56: 1.75 | W56: 0.19256 | X56: 1.23 | Y56: 2.03 | Z56: 4 | AA56: 1382 | AB56: 2416 | AC56: 26.8 | AD56: 36.28 | AE56: 5 | AF56: 24.442 | AG56: 58 | AH56: 50 | AI56: 24.48 | AJ56: 6.144 | AK56: 3 | AL56: 134 | AM56: 1.468 | AN56: 450 | AO56: 4.5 | AP56: 1.15 | AQ56: 1.807 | AR56: 0.232 | AS56: 1 | AT56: 90.19 | AU56: 0.011 | AV56: 2000 | AW56: 0.85 | AX56: 1.2 | AY56: 0.82902 | AZ56: 3.5 | BA56: 3.32 | BB56: 7.54 | BC56: 3388 | BD56: 5300 | BE56: 0.444 | BF56: 205.19507 | BG56: 6 | BH56: 13.557 | BI56: 103 | BJ56: 92 | BK56: 29.355 | BL56: -1.893 | BM56: -2 | BN56: 66 | BO56: 0.89 | BP56: 192 | BQ56: 2.5 | BR56: 0.0028 | BS56: 1.736 | BT56: 0.43 | BU56: 14 | BV56: 1032 | BW56: 0.032 | BX56: 862 | BY56: 1.32 | BZ56: 4.6 | CA56: 0.40514 | CB56: 0.91 | CC56: 0.8 | CD56: 2.42 | CE56: 3051 | CF56: 4411 | CG56: 2.39 | CH56: 64.43485 | CI56: 1 | CJ56: 4.667 | CK56: 6 | CL56: 4 | CM56: 29.58 | CN56: 0.391 | CO56: 1 | CP56: 203 | CQ56: 2.376 | CR56: 87 | CS56: 1.5 | CT56: 2.1 | CU56: 7.572 | CV56: 0.278 | CW56: 14 | CX56: 1153 | CY56: 0.068 | CZ56: 971 | DA56: 1.07 | DB56: 3.73 | DC56: 0.23831 | DD56: 1.01 | DE56: 0.89 | DF56: 2.85 | DG56: 4562 | DH56: 6912 | DI56: 2.64 | DJ56: 51.12083 | DK56: 1 | DL56: 26.451 | DM56: 7 | DN56: 5 | DO56: 28.24 | DP56: 2.216 | DQ56: 1 | DR56: 154 | DS56: 1.911 | DT56: 83 | DU56: 1.5 | DV56: 0.53 | DW56: 3.926 | DX56: 2.78 | DY56: 12 | DZ56: 2835 | EA56: 0.384 | EB56: 8550 | EC56: 1.07 | ED56: 2.18 | EE56: 0.56096 | EF56: 1.1 | EG56: 1.15 | EH56: 3.2 | EI56: 1126 | EJ56: 2230 | EK56: 17.2 | EL56: 74.81812 | EM56: 3 | EN56: 4.583 | EO56: 43 | EP56: 35 | EQ56: 28.16 | ER56: -0.53 | ES56: 2 | ET56: 159 | EU56: 1.773 | EV56: 117 | EW56: 2.5 | EX56: 920 | EY56: 3.152 | EZ56: 10.767989 | FA56: 0.2243331 | FC56: =EZ56 -> 10.767989 | FD56: -1818.1826 | FE56: =FD56/M56 -> -7.6074588 | FF56: =FE56*1000 -> -7607.4588 | FG56: 4.0052275 | FH56: 4.0055275 | FI56: 4.13176 | FJ56: 66.285985 | FK56: =FJ56/M56 -> 0.27734722 | FM56: =FJ56 -> 66.285985 | FN56: -1.1 | FO56: 2.2 | FP56: 3.3 | FQ56: =FP56+0.01 -> 3.31 | FR56: =FQ56-2.86 -> 0.45 | FS56: =IF(FR56<0,0,1) -> 1
A57: K23 Na24 Dy1 Nb48 O143 | B57: Nb | C57: 48 | D57: O | E57: 143 | F57: K | G57: 23 | H57: Na | I57: 24 | J57: Dy | K57: 1 | M57: =C57+E57+G57+I57+K57 -> 239 | P57: 1.92 | Q57: 14 | R57: 3573 | S57: 1.702 | T57: 8570 | U57: 0.95 | V57: 1.75 | W57: 0.19256 | X57: 1.23 | Y57: 2.03 | Z57: 4 | AA57: 1382 | AB57: 2416 | AC57: 26.8 | AD57: 36.28 | AE57: 5 | AF57: 24.442 | AG57: 58 | AH57: 50 | AI57: 24.48 | AJ57: 6.144 | AK57: 3 | AL57: 134 | AM57: 1.468 | AN57: 450 | AO57: 4.5 | AP57: 1.15 | AQ57: 1.807 | AR57: 0.232 | AS57: 1 | AT57: 90.19 | AU57: 0.011 | AV57: 2000 | AW57: 0.85 | AX57: 1.2 | AY57: 0.82902 | AZ57: 3.5 | BA57: 3.32 | BB57: 7.54 | BC57: 3388 | BD57: 5300 | BE57: 0.444 | BF57: 205.19507 | BG57: 6 | BH57: 13.557 | BI57: 103 | BJ57: 92 | BK57: 29.355 | BL57: -1.893 | BM57: -2 | BN57: 66 | BO57: 0.89 | BP57: 192 | BQ57: 2.5 | BR57: 0.0028 | BS57: 1.736 | BT57: 0.43 | BU57: 14 | BV57: 1032 | BW57: 0.032 | BX57: 862 | BY57: 1.32 | BZ57: 4.6 | CA57: 0.40514 | CB57: 0.91 | CC57: 0.8 | CD57: 2.42 | CE57: 3051 | CF57: 4411 | CG57: 2.39 | CH57: 64.43485 | CI57: 1 | CJ57: 4.667 | CK57: 6 | CL57: 4 | CM57: 29.58 | CN57: 0.391 | CO57: 1 | CP57: 203 | CQ57: 2.376 | CR57: 87 | CS57: 1.5 | CT57: 2.1 | CU57: 7.572 | CV57: 0.278 | CW57: 14 | CX57: 1153 | CY57: 0.068 | CZ57: 971 | DA57: 1.07 | DB57: 3.73 | DC57: 0.23831 | DD57: 1.01 | DE57: 0.89 | DF57: 2.85 | DG57: 4562 | DH57: 6912 | DI57: 2.64 | DJ57: 51.12083 | DK57: 1 | DL57: 26.451 | DM57: 7 | DN57: 5 | DO57: 28.24 | DP57: 2.216 | DQ57: 1 | DR57: 154 | DS57: 1.911 | DT57: 83 | DU57: 1.5 | DV57: 0.53 | DW57: 3.926 | DX57: 2.78 | DY57: 12 | DZ57: 2835 | EA57: 0.384 | EB57: 8550 | EC57: 1.07 | ED57: 2.18 | EE57: 0.56096 | EF57: 1.1 | EG57: 1.15 | EH57: 3.2 | EI57: 1126 | EJ57: 2230 | EK57: 17.2 | EL57: 74.81812 | EM57: 3 | EN57: 4.583 | EO57: 43 | EP57: 35 | EQ57: 28.16 | ER57: -0.53 | ES57: 2 | ET57: 159 | EU57: 1.773 | EV57: 117 | EW57: 2.5 | EX57: 920 | EY57: 3.152 | EZ57: 3.8386816 | FA57: 0.079972533 | FC57: =EZ57 -> 3.8386816 | FD57: -1830.2564 | FE57: =FD57/M57 -> -7.6579764 | FF57: =FE57*1000 -> -7657.9764 | FG57: 4.00733 | FH57: 4.00727 | FI57: 4.12261 | FJ57: 66.202692 | FK57: =FJ57/M57 -> 0.27699871 | FM57: =FJ57 -> 66.202692 | FN57: -0.88 | FO57: 2.19 | FP57: 3.07 | FQ57: =FP57+0.01 -> 3.08 | FR57: =FQ57-2.86 -> 0.22 | FS57: =IF(FR57<0,0,1) -> 1
A58: K23 Na23 Dy1 Nb48 O144 | B58: Nb | C58: 48 | D58: O | E58: 144 | F58: K | G58: 23 | H58: Na | I58: 23 | J58: Dy | K58: 1 | M58: =C58+E58+G58+I58+K58 -> 239 | P58: 1.92 | Q58: 14 | R58: 3573 | S58: 1.702 | T58: 8570 | U58: 0.95 | V58: 1.75 | W58: 0.19256 | X58: 1.23 | Y58: 2.03 | Z58: 4 | AA58: 1382 | AB58: 2416 | AC58: 26.8 | AD58: 36.28 | AE58: 5 | AF58: 24.442 | AG58: 58 | AH58: 50 | AI58: 24.48 | AJ58: 6.144 | AK58: 3 | AL58: 134 | AM58: 1.468 | AN58: 450 | AO58: 4.5 | AP58: 1.15 | AQ58: 1.807 | AR58: 0.232 | AS58: 1 | AT58: 90.19 | AU58: 0.011 | AV58: 2000 | AW58: 0.85 | AX58: 1.2 | AY58: 0.82902 | AZ58: 3.5 | BA58: 3.32 | BB58: 7.54 | BC58: 3388 | BD58: 5300 | BE58: 0.444 | BF58: 205.19507 | BG58: 6 | BH58: 13.557 | BI58: 103 | BJ58: 92 | BK58: 29.355 | BL58: -1.893 | BM58: -2 | BN58: 66 | BO58: 0.89 | BP58: 192 | BQ58: 2.5 | BR58: 0.0028 | BS58: 1.736 | BT58: 0.43 | BU58: 14 | BV58: 1032 | BW58: 0.032 | BX58: 862 | BY58: 1.32 | BZ58: 4.6 | CA58: 0.40514 | CB58: 0.91 | CC58: 0.8 | CD58: 2.42 | CE58: 3051 | CF58: 4411 | CG58: 2.39 | CH58: 64.43485 | CI58: 1 | CJ58: 4.667 | CK58: 6 | CL58: 4 | CM58: 29.58 | CN58: 0.391 | CO58: 1 | CP58: 203 | CQ58: 2.376 | CR58: 87 | CS58: 1.5 | CT58: 2.1 | CU58: 7.572 | CV58: 0.278 | CW58: 14 | CX58: 1153 | CY58: 0.068 | CZ58: 971 | DA58: 1.07 | DB58: 3.73 | DC58: 0.23831 | DD58: 1.01 | DE58: 0.89 | DF58: 2.85 | DG58: 4562 | DH58: 6912 | DI58: 2.64 | DJ58: 51.12083 | DK58: 1 | DL58: 26.451 | DM58: 7 | DN58: 5 | DO58: 28.24 | DP58: 2.216 | DQ58: 1 | DR58: 154 | DS58: 1.911 | DT58: 83 | DU58: 1.5 | DV58: 0.53 | DW58: 3.926 | DX58: 2.78 | DY58: 12 | DZ58: 2835 | EA58: 0.384 | EB58: 8550 | EC58: 1.07 | ED58: 2.18 | EE58: 0.56096 | EF58: 1.1 | EG58: 1.15 | EH58: 3.2 | EI58: 1126 | EJ58: 2230 | EK58: 17.2 | EL58: 74.81812 | EM58: 3 | EN58: 4.583 | EO58: 43 | EP58: 35 | EQ58: 28.16 | ER58: -0.53 | ES58: 2 | ET58: 159 | EU58: 1.773 | EV58: 117 | EW58: 2.5 | EX58: 920 | EY58: 3.152 | EZ58: 1.1055997 | FA58: 0.023033327 | FC58: =EZ58 -> 1.1055997 | FD58: -1837.0841 | FE58: =FD58/M58 -> -7.6865444 | FF58: =FE58*1000 -> -7686.5444 | FG58: 4.005935 | FH58: 4.004885 | FI58: 4.1584133 | FJ58: 66.714706 | FK58: =FJ58/M58 -> 0.27914103 | FM58: =FJ58 -> 66.714706 | FN58: -1.04 | FO58: 2.16 | FP58: 3.2 | FQ58: =FP58+0.01 -> 3.21 | FR58: =FQ58-2.86 -> 0.35 | FS58: =IF(FR58<0,0,1) -> 1
A59: K24 Na22 Dy1 Nb48 O144 | B59: Nb | C59: 48 | D59: O | E59: 144 | F59: K | G59: 24 | H59: Na | I59: 22 | J59: Dy | K59: 1 | M59: =C59+E59+G59+I59+K59 -> 239 | P59: 1.92 | Q59: 14 | R59: 3573 | S59: 1.702 | T59: 8570 | U59: 0.95 | V59: 1.75 | W59: 0.19256 | X59: 1.23 | Y59: 2.03 | Z59: 4 | AA59: 1382 | AB59: 2416 | AC59: 26.8 | AD59: 36.28 | AE59: 5 | AF59: 24.442 | AG59: 58 | AH59: 50 | AI59: 24.48 | AJ59: 6.144 | AK59: 3 | AL59: 134 | AM59: 1.468 | AN59: 450 | AO59: 4.5 | AP59: 1.15 | AQ59: 1.807 | AR59: 0.232 | AS59: 1 | AT59: 90.19 | AU59: 0.011 | AV59: 2000 | AW59: 0.85 | AX59: 1.2 | AY59: 0.82902 | AZ59: 3.5 | BA59: 3.32 | BB59: 7.54 | BC59: 3388 | BD59: 5300 | BE59: 0.444 | BF59: 205.19507 | BG59: 6 | BH59: 13.557 | BI59: 103 | BJ59: 92 | BK59: 29.355 | BL59: -1.893 | BM59: -2 | BN59: 66 | BO59: 0.89 | BP59: 192 | BQ59: 2.5 | BR59: 0.0028 | BS59: 1.736 | BT59: 0.43 | BU59: 14 | BV59: 1032 | BW59: 0.032 | BX59: 862 | BY59: 1.32 | BZ59: 4.6 | CA59: 0.40514 | CB59: 0.91 | CC59: 0.8 | CD59: 2.42 | CE59: 3051 | CF59: 4411 | CG59: 2.39 | CH59: 64.43485 | CI59: 1 | CJ59: 4.667 | CK59: 6 | CL59: 4 | CM59: 29.58 | CN59: 0.391 | CO59: 1 | CP59: 203 | CQ59: 2.376 | CR59: 87 | CS59: 1.5 | CT59: 2.1 | CU59: 7.572 | CV59: 0.278 | CW59: 14 | CX59: 1153 | CY59: 0.068 | CZ59: 971 | DA59: 1.07 | DB59: 3.73 | DC59: 0.23831 | DD59: 1.01 | DE59: 0.89 | DF59: 2.85 | DG59: 4562 | DH59: 6912 | DI59: 2.64 | DJ59: 51.12083 | DK59: 1 | DL59: 26.451 | DM59: 7 | DN59: 5 | DO59: 28.24 | DP59: 2.216 | DQ59: 1 | DR59: 154 | DS59: 1.911 | DT59: 83 | DU59: 1.5 | DV59: 0.53 | DW59: 3.926 | DX59: 2.78 | DY59: 12 | DZ59: 2835 | EA59: 0.384 | EB59: 8550 | EC59: 1.07 | ED59: 2.18 | EE59: 0.56096 | EF59: 1.1 | EG59: 1.15 | EH59: 3.2 | EI59: 1126 | EJ59: 2230 | EK59: 17.2 | EL59: 74.81812 | EM59: 3 | EN59: 4.583 | EO59: 43 | EP59: 35 | EQ59: 28.16 | ER59: -0.53 | ES59: 2 | ET59: 159 | EU59: 1.773 | EV59: 117 | EW59: 2.5 | EX59: 920 | EY59: 3.152 | EZ59: 0.64940355 | FA59: 0.013529241 | FC59: =EZ59 -> 0.64940355 | FD59: -1837.2561 | FE59: =FD59/M59 -> -7.6872639 | FF59: =FE59*1000 -> -7687.2639 | FG59: 4.0064675 | FH59: 4.00733 | FI59: 4.1607233 | FJ59: 66.801407 | FK59: =FJ59/M59 -> 0.2795038 | FM59: =FJ59 -> 66.801407 | FN59: -1.05 | FO59: 2.11 | FP59: 3.16 | FQ59: =FP59+0.01 -> 3.17 | FR59: =FQ59-2.86 -> 0.31 | FS59: =IF(FR59<0,0,1) -> 1
A60: K24 Na23 Dy1 Nb47 O144 | B60: Nb | C60: 47 | D60: O | E60: 144 | F60: K | G60: 24 | H60: Na | I60: 23 | J60: Dy | K60: 1 | M60: =C60+E60+G60+I60+K60 -> 239 | P60: 1.92 | Q60: 14 | R60: 3573 | S60: 1.702 | T60: 8570 | U60: 0.95 | V60: 1.75 | W60: 0.19256 | X60: 1.23 | Y60: 2.03 | Z60: 4 | AA60: 1382 | AB60: 2416 | AC60: 26.8 | AD60: 36.28 | AE60: 5 | AF60: 24.442 | AG60: 58 | AH60: 50 | AI60: 24.48 | AJ60: 6.144 | AK60: 3 | AL60: 134 | AM60: 1.468 | AN60: 450 | AO60: 4.5 | AP60: 1.15 | AQ60: 1.807 | AR60: 0.232 | AS60: 1 | AT60: 90.19 | AU60: 0.011 | AV60: 2000 | AW60: 0.85 | AX60: 1.2 | AY60: 0.82902 | AZ60: 3.5 | BA60: 3.32 | BB60: 7.54 | BC60: 3388 | BD60: 5300 | BE60: 0.444 | BF60: 205.19507 | BG60: 6 | BH60: 13.557 | BI60: 103 | BJ60: 92 | BK60: 29.355 | BL60: -1.893 | BM60: -2 | BN60: 66 | BO60: 0.89 | BP60: 192 | BQ60: 2.5 | BR60: 0.0028 | BS60: 1.736 | BT60: 0.43 | BU60: 14 | BV60: 1032 | BW60: 0.032 | BX60: 862 | BY60: 1.32 | BZ60: 4.6 | CA60: 0.40514 | CB60: 0.91 | CC60: 0.8 | CD60: 2.42 | CE60: 3051 | CF60: 4411 | CG60: 2.39 | CH60: 64.43485 | CI60: 1 | CJ60: 4.667 | CK60: 6 | CL60: 4 | CM60: 29.58 | CN60: 0.391 | CO60: 1 | CP60: 203 | CQ60: 2.376 | CR60: 87 | CS60: 1.5 | CT60: 2.1 | CU60: 7.572 | CV60: 0.278 | CW60: 14 | CX60: 1153 | CY60: 0.068 | CZ60: 971 | DA60: 1.07 | DB60: 3.73 | DC60: 0.23831 | DD60: 1.01 | DE60: 0.89 | DF60: 2.85 | DG60: 4562 | DH60: 6912 | DI60: 2.64 | DJ60: 51.12083 | DK60: 1 | DL60: 26.451 | DM60: 7 | DN60: 5 | DO60: 28.24 | DP60: 2.216 | DQ60: 1 | DR60: 154 | DS60: 1.911 | DT60: 83 | DU60: 1.5 | DV60: 0.53 | DW60: 3.926 | DX60: 2.78 | DY60: 12 | DZ60: 2835 | EA60: 0.384 | EB60: 8550 | EC60: 1.07 | ED60: 2.18 | EE60: 0.56096 | EF60: 1.1 | EG60: 1.15 | EH60: 3.2 | EI60: 1126 | EJ60: 2230 | EK60: 17.2 | EL60: 74.81812 | EM60: 3 | EN60: 4.583 | EO60: 43 | EP60: 35 | EQ60: 28.16 | ER60: -0.53 | ES60: 2 | ET60: 159 | EU60: 1.773 | EV60: 117 | EW60: 2.5 | EX60: 920 | EY60: 3.152 | EZ60: 10.641934 | FA60: 0.22170695 | FC60: =EZ60 -> 10.641934 | FD60: -1818.482 | FE60: =FD60/M60 -> -7.6087111 | FF60: =FE60*1000 -> -7608.7111 | FG60: 4.008965 | FH60: 4.009295 | FI60: 4.1265267 | FJ60: 66.326143 | FK60: =FJ60/M60 -> 0.27751524 | FM60: =FJ60 -> 66.326143 | FN60: -1.06 | FO60: 1.9 | FP60: 2.96 | FQ60: =FP60+0.01 -> 2.97 | FR60: =FQ60-2.86 -> 0.11 | FS60: =IF(FR60<0,0,1) -> 1
A61: K24 Na23 Dy1 Nb48 O143 | B61: Nb | C61: 48 | D61: O | E61: 143 | F61: K | G61: 24 | H61: Na | I61: 23 | J61: Dy | K61: 1 | M61: =C61+E61+G61+I61+K61 -> 239 | P61: 1.92 | Q61: 14 | R61: 3573 | S61: 1.702 | T61: 8570 | U61: 0.95 | V61: 1.75 | W61: 0.19256 | X61: 1.23 | Y61: 2.03 | Z61: 4 | AA61: 1382 | AB61: 2416 | AC61: 26.8 | AD61: 36.28 | AE61: 5 | AF61: 24.442 | AG61: 58 | AH61: 50 | AI61: 24.48 | AJ61: 6.144 | AK61: 3 | AL61: 134 | AM61: 1.468 | AN61: 450 | AO61: 4.5 | AP61: 1.15 | AQ61: 1.807 | AR61: 0.232 | AS61: 1 | AT61: 90.19 | AU61: 0.011 | AV61: 2000 | AW61: 0.85 | AX61: 1.2 | AY61: 0.82902 | AZ61: 3.5 | BA61: 3.32 | BB61: 7.54 | BC61: 3388 | BD61: 5300 | BE61: 0.444 | BF61: 205.19507 | BG61: 6 | BH61: 13.557 | BI61: 103 | BJ61: 92 | BK61: 29.355 | BL61: -1.893 | BM61: -2 | BN61: 66 | BO61: 0.89 | BP61: 192 | BQ61: 2.5 | BR61: 0.0028 | BS61: 1.736 | BT61: 0.43 | BU61: 14 | BV61: 1032 | BW61: 0.032 | BX61: 862 | BY61: 1.32 | BZ61: 4.6 | CA61: 0.40514 | CB61: 0.91 | CC61: 0.8 | CD61: 2.42 | CE61: 3051 | CF61: 4411 | CG61: 2.39 | CH61: 64.43485 | CI61: 1 | CJ61: 4.667 | CK61: 6 | CL61: 4 | CM61: 29.58 | CN61: 0.391 | CO61: 1 | CP61: 203 | CQ61: 2.376 | CR61: 87 | CS61: 1.5 | CT61: 2.1 | CU61: 7.572 | CV61: 0.278 | CW61: 14 | CX61: 1153 | CY61: 0.068 | CZ61: 971 | DA61: 1.07 | DB61: 3.73 | DC61: 0.23831 | DD61: 1.01 | DE61: 0.89 | DF61: 2.85 | DG61: 4562 | DH61: 6912 | DI61: 2.64 | DJ61: 51.12083 | DK61: 1 | DL61: 26.451 | DM61: 7 | DN61: 5 | DO61: 28.24 | DP61: 2.216 | DQ61: 1 | DR61: 154 | DS61: 1.911 | DT61: 83 | DU61: 1.5 | DV61: 0.53 | DW61: 3.926 | DX61: 2.78 | DY61: 12 | DZ61: 2835 | EA61: 0.384 | EB61: 8550 | EC61: 1.07 | ED61: 2.18 | EE61: 0.56096 | EF61: 1.1 | EG61: 1.15 | EH61: 3.2 | EI61: 1126 | EJ61: 2230 | EK61: 17.2 | EL61: 74.81812 | EM61: 3 | EN61: 4.583 | EO61: 43 | EP61: 35 | EQ61: 28.16 | ER61: -0.53 | ES61: 2 | ET61: 159 | EU61: 1.773 | EV61: 117 | EW61: 2.5 | EX61: 920 | EY61: 3.152 | EZ61: 5.0091396 | FA61: 0.10435707 | FC61: =EZ61 -> 5.0091396 | FD61: -1829.2592 | FE61: =FD61/M61 -> -7.653804 | FF61: =FE61*1000 -> -7653.804 | FG61: 4.009695 | FH61: 4.0092125 | FI61: 4.1247533 | FJ61: 66.308334 | FK61: =FJ61/M61 -> 0.27744073 | FM61: =FJ61 -> 66.308334 | FN61: -0.96 | FO61: 2.23 | FP61: 3.19 | FQ61: =FP61+0.01 -> 3.2 | FR61: =FQ61-2.86 -> 0.34 | FS61: =IF(FR61<0,0,1) -> 1
A62: K23 Na24 Nb48 Bi1 O144 | B62: Nb | C62: 48 | D62: O | E62: 144 | F62: K | G62: 23 | H62: Na | I62: 24 | J62: Bi | K62: 1 | M62: =C62+E62+G62+I62+K62 -> 240 | P62: 1.92 | Q62: 14 | R62: 3573 | S62: 1.702 | T62: 8570 | U62: 0.95 | V62: 1.75 | W62: 0.19256 | X62: 1.23 | Y62: 2.03 | Z62: 4 | AA62: 1382 | AB62: 2416 | AC62: 26.8 | AD62: 36.28 | AE62: 5 | AF62: 24.442 | AG62: 58 | AH62: 50 | AI62: 24.48 | AJ62: 6.144 | AK62: 3 | AL62: 134 | AM62: 1.468 | AN62: 450 | AO62: 4.5 | AP62: 1.15 | AQ62: 1.807 | AR62: 0.232 | AS62: 1 | AT62: 90.19 | AU62: 0.011 | AV62: 2000 | AW62: 0.85 | AX62: 1.2 | AY62: 0.82902 | AZ62: 3.5 | BA62: 3.32 | BB62: 7.54 | BC62: 3388 | BD62: 5300 | BE62: 0.444 | BF62: 205.19507 | BG62: 6 | BH62: 13.557 | BI62: 103 | BJ62: 92 | BK62: 29.355 | BL62: -1.893 | BM62: -2 | BN62: 66 | BO62: 0.89 | BP62: 192 | BQ62: 2.5 | BR62: 0.0028 | BS62: 1.736 | BT62: 0.43 | BU62: 14 | BV62: 1032 | BW62: 0.032 | BX62: 862 | BY62: 1.32 | BZ62: 4.6 | CA62: 0.40514 | CB62: 0.91 | CC62: 0.8 | CD62: 2.42 | CE62: 3051 | CF62: 4411 | CG62: 2.39 | CH62: 64.43485 | CI62: 1 | CJ62: 4.667 | CK62: 6 | CL62: 4 | CM62: 29.58 | CN62: 0.391 | CO62: 1 | CP62: 203 | CQ62: 2.376 | CR62: 87 | CS62: 1.5 | CT62: 2.1 | CU62: 7.572 | CV62: 0.278 | CW62: 14 | CX62: 1153 | CY62: 0.068 | CZ62: 971 | DA62: 1.07 | DB62: 3.73 | DC62: 0.23831 | DD62: 1.01 | DE62: 0.89 | DF62: 2.85 | DG62: 4562 | DH62: 6912 | DI62: 2.64 | DJ62: 51.12083 | DK62: 1 | DL62: 26.451 | DM62: 7 | DN62: 5 | DO62: 28.24 | DP62: 2.216 | DQ62: 1 | DR62: 154 | DS62: 1.911 | DT62: 83 | DU62: 1.5 | DV62: 0.53 | DW62: 3.926 | DX62: 3.31 | DY62: 6 | DZ62: 1833 | EA62: 0.315 | EB62: 9747 | EC62: 1.38 | ED62: 2.25 | EE62: 0.43316 | EF62: 1.67 | EG62: 2.14 | EH62: 4.69 | EI62: 1610 | EJ62: 2466 | EK62: 10.9 | EL62: 56.85674 | EM62: 5 | EN62: 16.069 | EO62: 81 | EP62: 83 | EQ62: 25.52 | ER62: 4.039 | ES62: 3 | ET62: 152 | EU62: 1.7 | EV62: 128 | EW62: 4.5 | EX62: 0.034 | EY62: 3.538 | EZ62: 0.4865652 | FB62: =EZ62 -> 0.4865652 | FD62: -1832.9169 | FE62: =FD62/M62 -> -7.6371536 | FF62: =FE62*1000 -> -7637.1536 | FG62: 4.0309625 | FH62: 4.0312225 | FI62: 4.11963 | FJ62: 66.942744 | FK62: =FJ62/M62 -> 0.2789281 | FL62: =FJ62 -> 66.942744 | FN62: -0.84 | FO62: 2.02 | FP62: 2.86 | FQ62: =FP62+0.01 -> 2.87 | FR62: =FQ62-2.86 -> 0.01 | FS62: =IF(FR62<0,0,1) -> 1
A63: K24 Na23 Nb48 Bi1 O144 | B63: Nb | C63: 48 | D63: O | E63: 144 | F63: K | G63: 24 | H63: Na | I63: 23 | J63: Bi | K63: 1 | M63: =C63+E63+G63+I63+K63 -> 240 | P63: 1.92 | Q63: 14 | R63: 3573 | S63: 1.702 | T63: 8570 | U63: 0.95 | V63: 1.75 | W63: 0.19256 | X63: 1.23 | Y63: 2.03 | Z63: 4 | AA63: 1382 | AB63: 2416 | AC63: 26.8 | AD63: 36.28 | AE63: 5 | AF63: 24.442 | AG63: 58 | AH63: 50 | AI63: 24.48 | AJ63: 6.144 | AK63: 3 | AL63: 134 | AM63: 1.468 | AN63: 450 | AO63: 4.5 | AP63: 1.15 | AQ63: 1.807 | AR63: 0.232 | AS63: 1 | AT63: 90.19 | AU63: 0.011 | AV63: 2000 | AW63: 0.85 | AX63: 1.2 | AY63: 0.82902 | AZ63: 3.5 | BA63: 3.32 | BB63: 7.54 | BC63: 3388 | BD63: 5300 | BE63: 0.444 | BF63: 205.19507 | BG63: 6 | BH63: 13.557 | BI63: 103 | BJ63: 92 | BK63: 29.355 | BL63: -1.893 | BM63: -2 | BN63: 66 | BO63: 0.89 | BP63: 192 | BQ63: 2.5 | BR63: 0.0028 | BS63: 1.736 | BT63: 0.43 | BU63: 14 | BV63: 1032 | BW63: 0.032 | BX63: 862 | BY63: 1.32 | BZ63: 4.6 | CA63: 0.40514 | CB63: 0.91 | CC63: 0.8 | CD63: 2.42 | CE63: 3051 | CF63: 4411 | CG63: 2.39 | CH63: 64.43485 | CI63: 1 | CJ63: 4.667 | CK63: 6 | CL63: 4 | CM63: 29.58 | CN63: 0.391 | CO63: 1 | CP63: 203 | CQ63: 2.376 | CR63: 87 | CS63: 1.5 | CT63: 2.1 | CU63: 7.572 | CV63: 0.278 | CW63: 14 | CX63: 1153 | CY63: 0.068 | CZ63: 971 | DA63: 1.07 | DB63: 3.73 | DC63: 0.23831 | DD63: 1.01 | DE63: 0.89 | DF63: 2.85 | DG63: 4562 | DH63: 6912 | DI63: 2.64 | DJ63: 51.12083 | DK63: 1 | DL63: 26.451 | DM63: 7 | DN63: 5 | DO63: 28.24 | DP63: 2.216 | DQ63: 1 | DR63: 154 | DS63: 1.911 | DT63: 83 | DU63: 1.5 | DV63: 0.53 | DW63: 3.926 | DX63: 3.31 | DY63: 6 | DZ63: 1833 | EA63: 0.315 | EB63: 9747 | EC63: 1.38 | ED63: 2.25 | EE63: 0.43316 | EF63: 1.67 | EG63: 2.14 | EH63: 4.69 | EI63: 1610 | EJ63: 2466 | EK63: 10.9 | EL63: 56.85674 | EM63: 5 | EN63: 16.069 | EO63: 81 | EP63: 83 | EQ63: 25.52 | ER63: 4.039 | ES63: 3 | ET63: 152 | EU63: 1.7 | EV63: 128 | EW63: 4.5 | EX63: 0.034 | EY63: 3.538 | EZ63: -0.10582095 | FB63: =EZ63 -> -0.10582095 | FD63: -1833.225 | FE63: =FD63/M63 -> -7.6384376 | FF63: =FE63*1000 -> -7638.4376 | FG63: 4.0312125 | FH63: 4.0305875 | FI63: 4.1202433 | FJ63: 66.946355 | FK63: =FJ63/M63 -> 0.27894315 | FL63: =FJ63 -> 66.946355 | FN63: -0.85 | FO63: 2.09 | FP63: 2.94 | FQ63: =FP63+0.01 -> 2.95 | FR63: =FQ63-2.86 -> 0.09 | FS63: =IF(FR63<0,0,1) -> 1
A64: K24 Na24 Nb47 Bi1 O144 | B64: Nb | C64: 47 | D64: O | E64: 144 | F64: K | G64: 24 | H64: Na | I64: 24 | J64: Bi | K64: 1 | M64: =C64+E64+G64+I64+K64 -> 240 | P64: 1.92 | Q64: 14 | R64: 3573 | S64: 1.702 | T64: 8570 | U64: 0.95 | V64: 1.75 | W64: 0.19256 | X64: 1.23 | Y64: 2.03 | Z64: 4 | AA64: 1382 | AB64: 2416 | AC64: 26.8 | AD64: 36.28 | AE64: 5 | AF64: 24.442 | AG64: 58 | AH64: 50 | AI64: 24.48 | AJ64: 6.144 | AK64: 3 | AL64: 134 | AM64: 1.468 | AN64: 450 | AO64: 4.5 | AP64: 1.15 | AQ64: 1.807 | AR64: 0.232 | AS64: 1 | AT64: 90.19 | AU64: 0.011 | AV64: 2000 | AW64: 0.85 | AX64: 1.2 | AY64: 0.82902 | AZ64: 3.5 | BA64: 3.32 | BB64: 7.54 | BC64: 3388 | BD64: 5300 | BE64: 0.444 | BF64: 205.19507 | BG64: 6 | BH64: 13.557 | BI64: 103 | BJ64: 92 | BK64: 29.355 | BL64: -1.893 | BM64: -2 | BN64: 66 | BO64: 0.89 | BP64: 192 | BQ64: 2.5 | BR64: 0.0028 | BS64: 1.736 | BT64: 0.43 | BU64: 14 | BV64: 1032 | BW64: 0.032 | BX64: 862 | BY64: 1.32 | BZ64: 4.6 | CA64: 0.40514 | CB64: 0.91 | CC64: 0.8 | CD64: 2.42 | CE64: 3051 | CF64: 4411 | CG64: 2.39 | CH64: 64.43485 | CI64: 1 | CJ64: 4.667 | CK64: 6 | CL64: 4 | CM64: 29.58 | CN64: 0.391 | CO64: 1 | CP64: 203 | CQ64: 2.376 | CR64: 87 | CS64: 1.5 | CT64: 2.1 | CU64: 7.572 | CV64: 0.278 | CW64: 14 | CX64: 1153 | CY64: 0.068 | CZ64: 971 | DA64: 1.07 | DB64: 3.73 | DC64: 0.23831 | DD64: 1.01 | DE64: 0.89 | DF64: 2.85 | DG64: 4562 | DH64: 6912 | DI64: 2.64 | DJ64: 51.12083 | DK64: 1 | DL64: 26.451 | DM64: 7 | DN64: 5 | DO64: 28.24 | DP64: 2.216 | DQ64: 1 | DR64: 154 | DS64: 1.911 | DT64: 83 | DU64: 1.5 | DV64: 0.53 | DW64: 3.926 | DX64: 3.31 | DY64: 6 | DZ64: 1833 | EA64: 0.315 | EB64: 9747 | EC64: 1.38 | ED64: 2.25 | EE64: 0.43316 | EF64: 1.67 | EG64: 2.14 | EH64: 4.69 | EI64: 1610 | EJ64: 2466 | EK64: 10.9 | EL64: 56.85674 | EM64: 5 | EN64: 16.069 | EO64: 81 | EP64: 83 | EQ64: 25.52 | ER64: 4.039 | ES64: 3 | ET64: 152 | EU64: 1.7 | EV64: 128 | EW64: 4.5 | EX64: 0.034 | EY64: 3.538 | EZ64: 5.0004391 | FB64: =EZ64 -> 5.0004391 | FD64: -1819.3372 | FE64: =FD64/M64 -> -7.5805716 | FF64: =FE64*1000 -> -7580.5716 | FG64: 4.0306425 | FH64: 4.030895 | FI64: 4.1207833 | FJ64: 66.950758 | FK64: =FJ64/M64 -> 0.27896149 | FL64: =FJ64 -> 66.950758 | FN64: -0.85 | FO64: 1.04 | FP64: 1.89 | FQ64: =FP64+0.01 -> 1.9 | FR64: =FQ64-2.86 -> -0.96 | FS64: =IF(FR64<0,0,1) -> 0
A65: K24 Na24 Nb48 Bi1 O143 | B65: Nb | C65: 48 | D65: O | E65: 143 | F65: K | G65: 24 | H65: Na | I65: 24 | J65: Bi | K65: 1 | M65: =C65+E65+G65+I65+K65 -> 240 | P65: 1.92 | Q65: 14 | R65: 3573 | S65: 1.702 | T65: 8570 | U65: 0.95 | V65: 1.75 | W65: 0.19256 | X65: 1.23 | Y65: 2.03 | Z65: 4 | AA65: 1382 | AB65: 2416 | AC65: 26.8 | AD65: 36.28 | AE65: 5 | AF65: 24.442 | AG65: 58 | AH65: 50 | AI65: 24.48 | AJ65: 6.144 | AK65: 3 | AL65: 134 | AM65: 1.468 | AN65: 450 | AO65: 4.5 | AP65: 1.15 | AQ65: 1.807 | AR65: 0.232 | AS65: 1 | AT65: 90.19 | AU65: 0.011 | AV65: 2000 | AW65: 0.85 | AX65: 1.2 | AY65: 0.82902 | AZ65: 3.5 | BA65: 3.32 | BB65: 7.54 | BC65: 3388 | BD65: 5300 | BE65: 0.444 | BF65: 205.19507 | BG65: 6 | BH65: 13.557 | BI65: 103 | BJ65: 92 | BK65: 29.355 | BL65: -1.893 | BM65: -2 | BN65: 66 | BO65: 0.89 | BP65: 192 | BQ65: 2.5 | BR65: 0.0028 | BS65: 1.736 | BT65: 0.43 | BU65: 14 | BV65: 1032 | BW65: 0.032 | BX65: 862 | BY65: 1.32 | BZ65: 4.6 | CA65: 0.40514 | CB65: 0.91 | CC65: 0.8 | CD65: 2.42 | CE65: 3051 | CF65: 4411 | CG65: 2.39 | CH65: 64.43485 | CI65: 1 | CJ65: 4.667 | CK65: 6 | CL65: 4 | CM65: 29.58 | CN65: 0.391 | CO65: 1 | CP65: 203 | CQ65: 2.376 | CR65: 87 | CS65: 1.5 | CT65: 2.1 | CU65: 7.572 | CV65: 0.278 | CW65: 14 | CX65: 1153 | CY65: 0.068 | CZ65: 971 | DA65: 1.07 | DB65: 3.73 | DC65: 0.23831 | DD65: 1.01 | DE65: 0.89 | DF65: 2.85 | DG65: 4562 | DH65: 6912 | DI65: 2.64 | DJ65: 51.12083 | DK65: 1 | DL65: 26.451 | DM65: 7 | DN65: 5 | DO65: 28.24 | DP65: 2.216 | DQ65: 1 | DR65: 154 | DS65: 1.911 | DT65: 83 | DU65: 1.5 | DV65: 0.53 | DW65: 3.926 | DX65: 3.31 | DY65: 6 | DZ65: 1833 | EA65: 0.315 | EB65: 9747 | EC65: 1.38 | ED65: 2.25 | EE65: 0.43316 | EF65: 1.67 | EG65: 2.14 | EH65: 4.69 | EI65: 1610 | EJ65: 2466 | EK65: 10.9 | EL65: 56.85674 | EM65: 5 | EN65: 16.069 | EO65: 81 | EP65: 83 | EQ65: 25.52 | ER65: 4.039 | ES65: 3 | ET65: 152 | EU65: 1.7 | EV65: 128 | EW65: 4.5 | EX65: 0.034 | EY65: 3.538 | EZ65: 5.8958511 | FB65: =EZ65 -> 5.8958511 | FD65: -1823.5862 | FE65: =FD65/M65 -> -7.5982757 | FF65: =FE65*1000 -> -7598.2757 | FG65: 4.034325 | FH65: 4.0336 | FI65: 4.1195 | FJ65: 67.036008 | FK65: =FJ65/M65 -> 0.2793167 | FL65: =FJ65 -> 67.036008 | FN65: -0.96 | FO65: 1.32 | FP65: 2.28 | FQ65: =FP65+0.01 -> 2.29 | FR65: =FQ65-2.86 -> -0.57 | FS65: =IF(FR65<0,0,1) -> 0
A66: K22 Na24 Nb48 Bi1 O144 | B66: Nb | C66: 48 | D66: O | E66: 144 | F66: K | G66: 22 | H66: Na | I66: 24 | J66: Bi | K66: 1 | M66: =C66+E66+G66+I66+K66 -> 239 | P66: 1.92 | Q66: 14 | R66: 3573 | S66: 1.702 | T66: 8570 | U66: 0.95 | V66: 1.75 | W66: 0.19256 | X66: 1.23 | Y66: 2.03 | Z66: 4 | AA66: 1382 | AB66: 2416 | AC66: 26.8 | AD66: 36.28 | AE66: 5 | AF66: 24.442 | AG66: 58 | AH66: 50 | AI66: 24.48 | AJ66: 6.144 | AK66: 3 | AL66: 134 | AM66: 1.468 | AN66: 450 | AO66: 4.5 | AP66: 1.15 | AQ66: 1.807 | AR66: 0.232 | AS66: 1 | AT66: 90.19 | AU66: 0.011 | AV66: 2000 | AW66: 0.85 | AX66: 1.2 | AY66: 0.82902 | AZ66: 3.5 | BA66: 3.32 | BB66: 7.54 | BC66: 3388 | BD66: 5300 | BE66: 0.444 | BF66: 205.19507 | BG66: 6 | BH66: 13.557 | BI66: 103 | BJ66: 92 | BK66: 29.355 | BL66: -1.893 | BM66: -2 | BN66: 66 | BO66: 0.89 | BP66: 192 | BQ66: 2.5 | BR66: 0.0028 | BS66: 1.736 | BT66: 0.43 | BU66: 14 | BV66: 1032 | BW66: 0.032 | BX66: 862 | BY66: 1.32 | BZ66: 4.6 | CA66: 0.40514 | CB66: 0.91 | CC66: 0.8 | CD66: 2.42 | CE66: 3051 | CF66: 4411 | CG66: 2.39 | CH66: 64.43485 | CI66: 1 | CJ66: 4.667 | CK66: 6 | CL66: 4 | CM66: 29.58 | CN66: 0.391 | CO66: 1 | CP66: 203 | CQ66: 2.376 | CR66: 87 | CS66: 1.5 | CT66: 2.1 | CU66: 7.572 | CV66: 0.278 | CW66: 14 | CX66: 1153 | CY66: 0.068 | CZ66: 971 | DA66: 1.07 | DB66: 3.73 | DC66: 0.23831 | DD66: 1.01 | DE66: 0.89 | DF66: 2.85 | DG66: 4562 | DH66: 6912 | DI66: 2.64 | DJ66: 51.12083 | DK66: 1 | DL66: 26.451 | DM66: 7 | DN66: 5 | DO66: 28.24 | DP66: 2.216 | DQ66: 1 | DR66: 154 | DS66: 1.911 | DT66: 83 | DU66: 1.5 | DV66: 0.53 | DW66: 3.926 | DX66: 3.31 | DY66: 6 | DZ66: 1833 | EA66: 0.315 | EB66: 9747 | EC66: 1.38 | ED66: 2.25 | EE66: 0.43316 | EF66: 1.67 | EG66: 2.14 | EH66: 4.69 | EI66: 1610 | EJ66: 2466 | EK66: 10.9 | EL66: 56.85674 | EM66: 5 | EN66: 16.069 | EO66: 81 | EP66: 83 | EQ66: 25.52 | ER66: 4.039 | ES66: 3 | ET66: 152 | EU66: 1.7 | EV66: 128 | EW66: 4.5 | EX66: 0.034 | EY66: 3.538 | EZ66: 1.0561847 | FA66: 0.022003848 | FC66: =EZ66 -> 1.0561847 | FD66: -1830.833 | FE66: =FD66/M66 -> -7.660389 | FF66: =FE66*1000 -> -7660.389 | FG66: 4.0070425 | FH66: 4.0075275 | FI66: 4.1373933 | FJ66: 66.439577 | FK66: =FJ66/M66 -> 0.27798986 | FM66: =FJ66 -> 66.439577 | FN66: -0.9 | FO66: 2.19 | FP66: 3.09 | FQ66: =FP66+0.01 -> 3.1 | FR66: =FQ66-2.86 -> 0.24 | FS66: =IF(FR66<0,0,1) -> 1
A67: K23 Na23 Nb48 Bi1 O144 | B67: Nb | C67: 48 | D67: O | E67: 144 | F67: K | G67: 23 | H67: Na | I67: 23 | J67: Bi | K67: 1 | M67: =C67+E67+G67+I67+K67 -> 239 | P67: 1.92 | Q67: 14 | R67: 3573 | S67: 1.702 | T67: 8570 | U67: 0.95 | V67: 1.75 | W67: 0.19256 | X67: 1.23 | Y67: 2.03 | Z67: 4 | AA67: 1382 | AB67: 2416 | AC67: 26.8 | AD67: 36.28 | AE67: 5 | AF67: 24.442 | AG67: 58 | AH67: 50 | AI67: 24.48 | AJ67: 6.144 | AK67: 3 | AL67: 134 | AM67: 1.468 | AN67: 450 | AO67: 4.5 | AP67: 1.15 | AQ67: 1.807 | AR67: 0.232 | AS67: 1 | AT67: 90.19 | AU67: 0.011 | AV67: 2000 | AW67: 0.85 | AX67: 1.2 | AY67: 0.82902 | AZ67: 3.5 | BA67: 3.32 | BB67: 7.54 | BC67: 3388 | BD67: 5300 | BE67: 0.444 | BF67: 205.19507 | BG67: 6 | BH67: 13.557 | BI67: 103 | BJ67: 92 | BK67: 29.355 | BL67: -1.893 | BM67: -2 | BN67: 66 | BO67: 0.89 | BP67: 192 | BQ67: 2.5 | BR67: 0.0028 | BS67: 1.736 | BT67: 0.43 | BU67: 14 | BV67: 1032 | BW67: 0.032 | BX67: 862 | BY67: 1.32 | BZ67: 4.6 | CA67: 0.40514 | CB67: 0.91 | CC67: 0.8 | CD67: 2.42 | CE67: 3051 | CF67: 4411 | CG67: 2.39 | CH67: 64.43485 | CI67: 1 | CJ67: 4.667 | CK67: 6 | CL67: 4 | CM67: 29.58 | CN67: 0.391 | CO67: 1 | CP67: 203 | CQ67: 2.376 | CR67: 87 | CS67: 1.5 | CT67: 2.1 | CU67: 7.572 | CV67: 0.278 | CW67: 14 | CX67: 1153 | CY67: 0.068 | CZ67: 971 | DA67: 1.07 | DB67: 3.73 | DC67: 0.23831 | DD67: 1.01 | DE67: 0.89 | DF67: 2.85 | DG67: 4562 | DH67: 6912 | DI67: 2.64 | DJ67: 51.12083 | DK67: 1 | DL67: 26.451 | DM67: 7 | DN67: 5 | DO67: 28.24 | DP67: 2.216 | DQ67: 1 | DR67: 154 | DS67: 1.911 | DT67: 83 | DU67: 1.5 | DV67: 0.53 | DW67: 3.926 | DX67: 3.31 | DY67: 6 | DZ67: 1833 | EA67: 0.315 | EB67: 9747 | EC67: 1.38 | ED67: 2.25 | EE67: 0.43316 | EF67: 1.67 | EG67: 2.14 | EH67: 4.69 | EI67: 1610 | EJ67: 2466 | EK67: 10.9 | EL67: 56.85674 | EM67: 5 | EN67: 16.069 | EO67: 81 | EP67: 83 | EQ67: 25.52 | ER67: 4.039 | ES67: 3 | ET67: 152 | EU67: 1.7 | EV67: 128 | EW67: 4.5 | EX67: 0.034 | EY67: 3.538 | EZ67: 0.84457155 | FA67: 0.017595241 | FC67: =EZ67 -> 0.84457155 | FD67: -1830.7604 | FE67: =FD67/M67 -> -7.6600852 | FF67: =FE67*1000 -> -7660.0852 | FG67: 4.0096425 | FH67: 4.010025 | FI67: 4.1606933 | FJ67: 66.89881 | FK67: =FJ67/M67 -> 0.27991134 | FM67: =FJ67 -> 66.89881 | FN67: -0.93 | FO67: 2.12 | FP67: 3.05 | FQ67: =FP67+0.01 -> 3.06 | FR67: =FQ67-2.86 -> 0.2 | FS67: =IF(FR67<0,0,1) -> 1
A68: K23 Na24 Nb47 Bi1 O144 | B68: Nb | C68: 47 | D68: O | E68: 144 | F68: K | G68: 23 | H68: Na | I68: 24 | J68: Bi | K68: 1 | M68: =C68+E68+G68+I68+K68 -> 239 | P68: 1.92 | Q68: 14 | R68: 3573 | S68: 1.702 | T68: 8570 | U68: 0.95 | V68: 1.75 | W68: 0.19256 | X68: 1.23 | Y68: 2.03 | Z68: 4 | AA68: 1382 | AB68: 2416 | AC68: 26.8 | AD68: 36.28 | AE68: 5 | AF68: 24.442 | AG68: 58 | AH68: 50 | AI68: 24.48 | AJ68: 6.144 | AK68: 3 | AL68: 134 | AM68: 1.468 | AN68: 450 | AO68: 4.5 | AP68: 1.15 | AQ68: 1.807 | AR68: 0.232 | AS68: 1 | AT68: 90.19 | AU68: 0.011 | AV68: 2000 | AW68: 0.85 | AX68: 1.2 | AY68: 0.82902 | AZ68: 3.5 | BA68: 3.32 | BB68: 7.54 | BC68: 3388 | BD68: 5300 | BE68: 0.444 | BF68: 205.19507 | BG68: 6 | BH68: 13.557 | BI68: 103 | BJ68: 92 | BK68: 29.355 | BL68: -1.893 | BM68: -2 | BN68: 66 | BO68: 0.89 | BP68: 192 | BQ68: 2.5 | BR68: 0.0028 | BS68: 1.736 | BT68: 0.43 | BU68: 14 | BV68: 1032 | BW68: 0.032 | BX68: 862 | BY68: 1.32 | BZ68: 4.6 | CA68: 0.40514 | CB68: 0.91 | CC68: 0.8 | CD68: 2.42 | CE68: 3051 | CF68: 4411 | CG68: 2.39 | CH68: 64.43485 | CI68: 1 | CJ68: 4.667 | CK68: 6 | CL68: 4 | CM68: 29.58 | CN68: 0.391 | CO68: 1 | CP68: 203 | CQ68: 2.376 | CR68: 87 | CS68: 1.5 | CT68: 2.1 | CU68: 7.572 | CV68: 0.278 | CW68: 14 | CX68: 1153 | CY68: 0.068 | CZ68: 971 | DA68: 1.07 | DB68: 3.73 | DC68: 0.23831 | DD68: 1.01 | DE68: 0.89 | DF68: 2.85 | DG68: 4562 | DH68: 6912 | DI68: 2.64 | DJ68: 51.12083 | DK68: 1 | DL68: 26.451 | DM68: 7 | DN68: 5 | DO68: 28.24 | DP68: 2.216 | DQ68: 1 | DR68: 154 | DS68: 1.911 | DT68: 83 | DU68: 1.5 | DV68: 0.53 | DW68: 3.926 | DX68: 3.31 | DY68: 6 | DZ68: 1833 | EA68: 0.315 | EB68: 9747 | EC68: 1.38 | ED68: 2.25 | EE68: 0.43316 | EF68: 1.67 | EG68: 2.14 | EH68: 4.69 | EI68: 1610 | EJ68: 2466 | EK68: 10.9 | EL68: 56.85674 | EM68: 5 | EN68: 16.069 | EO68: 81 | EP68: 83 | EQ68: 25.52 | ER68: 4.039 | ES68: 3 | ET68: 152 | EU68: 1.7 | EV68: 128 | EW68: 4.5 | EX68: 0.034 | EY68: 3.538 | EZ68: 9.3406146 | FA68: 0.19459614 | FC68: =EZ68 -> 9.3406146 | FD68: -1813.4827 | FE68: =FD68/M68 -> -7.5877939 | FF68: =FE68*1000 -> -7587.7939 | FG68: 4.00572 | FH68: 4.005885 | FI68: 4.1314367 | FJ68: 66.294857 | FK68: =FJ68/M68 -> 0.27738434 | FM68: =FJ68 -> 66.294857 | FN68: -1.08 | FO68: 2.25 | FP68: 3.33 | FQ68: =FP68+0.01 -> 3.34 | FR68: =FQ68-2.86 -> 0.48 | FS68: =IF(FR68<0,0,1) -> 1
A69: K23 Na24 Nb48 Bi1 O143 | B69: Nb | C69: 48 | D69: O | E69: 143 | F69: K | G69: 23 | H69: Na | I69: 24 | J69: Bi | K69: 1 | M69: =C69+E69+G69+I69+K69 -> 239 | P69: 1.92 | Q69: 14 | R69: 3573 | S69: 1.702 | T69: 8570 | U69: 0.95 | V69: 1.75 | W69: 0.19256 | X69: 1.23 | Y69: 2.03 | Z69: 4 | AA69: 1382 | AB69: 2416 | AC69: 26.8 | AD69: 36.28 | AE69: 5 | AF69: 24.442 | AG69: 58 | AH69: 50 | AI69: 24.48 | AJ69: 6.144 | AK69: 3 | AL69: 134 | AM69: 1.468 | AN69: 450 | AO69: 4.5 | AP69: 1.15 | AQ69: 1.807 | AR69: 0.232 | AS69: 1 | AT69: 90.19 | AU69: 0.011 | AV69: 2000 | AW69: 0.85 | AX69: 1.2 | AY69: 0.82902 | AZ69: 3.5 | BA69: 3.32 | BB69: 7.54 | BC69: 3388 | BD69: 5300 | BE69: 0.444 | BF69: 205.19507 | BG69: 6 | BH69: 13.557 | BI69: 103 | BJ69: 92 | BK69: 29.355 | BL69: -1.893 | BM69: -2 | BN69: 66 | BO69: 0.89 | BP69: 192 | BQ69: 2.5 | BR69: 0.0028 | BS69: 1.736 | BT69: 0.43 | BU69: 14 | BV69: 1032 | BW69: 0.032 | BX69: 862 | BY69: 1.32 | BZ69: 4.6 | CA69: 0.40514 | CB69: 0.91 | CC69: 0.8 | CD69: 2.42 | CE69: 3051 | CF69: 4411 | CG69: 2.39 | CH69: 64.43485 | CI69: 1 | CJ69: 4.667 | CK69: 6 | CL69: 4 | CM69: 29.58 | CN69: 0.391 | CO69: 1 | CP69: 203 | CQ69: 2.376 | CR69: 87 | CS69: 1.5 | CT69: 2.1 | CU69: 7.572 | CV69: 0.278 | CW69: 14 | CX69: 1153 | CY69: 0.068 | CZ69: 971 | DA69: 1.07 | DB69: 3.73 | DC69: 0.23831 | DD69: 1.01 | DE69: 0.89 | DF69: 2.85 | DG69: 4562 | DH69: 6912 | DI69: 2.64 | DJ69: 51.12083 | DK69: 1 | DL69: 26.451 | DM69: 7 | DN69: 5 | DO69: 28.24 | DP69: 2.216 | DQ69: 1 | DR69: 154 | DS69: 1.911 | DT69: 83 | DU69: 1.5 | DV69: 0.53 | DW69: 3.926 | DX69: 3.31 | DY69: 6 | DZ69: 1833 | EA69: 0.315 | EB69: 9747 | EC69: 1.38 | ED69: 2.25 | EE69: 0.43316 | EF69: 1.67 | EG69: 2.14 | EH69: 4.69 | EI69: 1610 | EJ69: 2466 | EK69: 10.9 | EL69: 56.85674 | EM69: 5 | EN69: 16.069 | EO69: 81 | EP69: 83 | EQ69: 25.52 | ER69: 4.039 | ES69: 3 | ET69: 152 | EU69: 1.7 | EV69: 128 | EW69: 4.5 | EX69: 0.034 | EY69: 3.538 | EZ69: 2.4002256 | FA69: 0.050004699 | FC69: =EZ69 -> 2.4002256 | FD69: -1825.5675 | FE69: =FD69/M69 -> -7.6383579 | FF69: =FE69*1000 -> -7638.3579 | FG69: 4.0090825 | FH69: 4.00991 | FI69: 4.1565167 | FJ69: 66.82041 | FK69: =FJ69/M69 -> 0.2795833 | FM69: =FJ69 -> 66.82041 | FN69: -0.9 | FO69: 1.47 | FP69: 2.37 | FQ69: =FP69+0.01 -> 2.38 | FR69: =FQ69-2.86 -> -0.48 | FS69: =IF(FR69<0,0,1) -> 0
A70: K23 Na23 Nb48 Bi1 O144 | B70: Nb | C70: 48 | D70: O | E70: 144 | F70: K | G70: 23 | H70: Na | I70: 23 | J70: Bi | K70: 1 | M70: =C70+E70+G70+I70+K70 -> 239 | P70: 1.92 | Q70: 14 | R70: 3573 | S70: 1.702 | T70: 8570 | U70: 0.95 | V70: 1.75 | W70: 0.19256 | X70: 1.23 | Y70: 2.03 | Z70: 4 | AA70: 1382 | AB70: 2416 | AC70: 26.8 | AD70: 36.28 | AE70: 5 | AF70: 24.442 | AG70: 58 | AH70: 50 | AI70: 24.48 | AJ70: 6.144 | AK70: 3 | AL70: 134 | AM70: 1.468 | AN70: 450 | AO70: 4.5 | AP70: 1.15 | AQ70: 1.807 | AR70: 0.232 | AS70: 1 | AT70: 90.19 | AU70: 0.011 | AV70: 2000 | AW70: 0.85 | AX70: 1.2 | AY70: 0.82902 | AZ70: 3.5 | BA70: 3.32 | BB70: 7.54 | BC70: 3388 | BD70: 5300 | BE70: 0.444 | BF70: 205.19507 | BG70: 6 | BH70: 13.557 | BI70: 103 | BJ70: 92 | BK70: 29.355 | BL70: -1.893 | BM70: -2 | BN70: 66 | BO70: 0.89 | BP70: 192 | BQ70: 2.5 | BR70: 0.0028 | BS70: 1.736 | BT70: 0.43 | BU70: 14 | BV70: 1032 | BW70: 0.032 | BX70: 862 | BY70: 1.32 | BZ70: 4.6 | CA70: 0.40514 | CB70: 0.91 | CC70: 0.8 | CD70: 2.42 | CE70: 3051 | CF70: 4411 | CG70: 2.39 | CH70: 64.43485 | CI70: 1 | CJ70: 4.667 | CK70: 6 | CL70: 4 | CM70: 29.58 | CN70: 0.391 | CO70: 1 | CP70: 203 | CQ70: 2.376 | CR70: 87 | CS70: 1.5 | CT70: 2.1 | CU70: 7.572 | CV70: 0.278 | CW70: 14 | CX70: 1153 | CY70: 0.068 | CZ70: 971 | DA70: 1.07 | DB70: 3.73 | DC70: 0.23831 | DD70: 1.01 | DE70: 0.89 | DF70: 2.85 | DG70: 4562 | DH70: 6912 | DI70: 2.64 | DJ70: 51.12083 | DK70: 1 | DL70: 26.451 | DM70: 7 | DN70: 5 | DO70: 28.24 | DP70: 2.216 | DQ70: 1 | DR70: 154 | DS70: 1.911 | DT70: 83 | DU70: 1.5 | DV70: 0.53 | DW70: 3.926 | DX70: 3.31 | DY70: 6 | DZ70: 1833 | EA70: 0.315 | EB70: 9747 | EC70: 1.38 | ED70: 2.25 | EE70: 0.43316 | EF70: 1.67 | EG70: 2.14 | EH70: 4.69 | EI70: 1610 | EJ70: 2466 | EK70: 10.9 | EL70: 56.85674 | EM70: 5 | EN70: 16.069 | EO70: 81 | EP70: 83 | EQ70: 25.52 | ER70: 4.039 | ES70: 3 | ET70: 152 | EU70: 1.7 | EV70: 128 | EW70: 4.5 | EX70: 0.034 | EY70: 3.538 | EZ70: 1.7934347 | FA70: 0.037363223 | FC70: =EZ70 -> 1.7934347 | FD70: -1830.4039 | FE70: =FD70/M70 -> -7.6585937 | FF70: =FE70*1000 -> -7658.5937 | FG70: 4.008805 | FH70: 4.0064525 | FI70: 4.13685 | FJ70: 66.442323 | FK70: =FJ70/M70 -> 0.27800135 | FM70: =FJ70 -> 66.442323 | FN70: -0.95 | FO70: 2.19 | FP70: 3.14 | FQ70: =FP70+0.01 -> 3.15 | FR70: =FQ70-2.86 -> 0.29 | FS70: =IF(FR70<0,0,1) -> 1
A71: K24 Na22 Nb48 Bi1 O144 | B71: Nb | C71: 48 | D71: O | E71: 144 | F71: K | G71: 24 | H71: Na | I71: 22 | J71: Bi | K71: 1 | M71: =C71+E71+G71+I71+K71 -> 239 | P71: 1.92 | Q71: 14 | R71: 3573 | S71: 1.702 | T71: 8570 | U71: 0.95 | V71: 1.75 | W71: 0.19256 | X71: 1.23 | Y71: 2.03 | Z71: 4 | AA71: 1382 | AB71: 2416 | AC71: 26.8 | AD71: 36.28 | AE71: 5 | AF71: 24.442 | AG71: 58 | AH71: 50 | AI71: 24.48 | AJ71: 6.144 | AK71: 3 | AL71: 134 | AM71: 1.468 | AN71: 450 | AO71: 4.5 | AP71: 1.15 | AQ71: 1.807 | AR71: 0.232 | AS71: 1 | AT71: 90.19 | AU71: 0.011 | AV71: 2000 | AW71: 0.85 | AX71: 1.2 | AY71: 0.82902 | AZ71: 3.5 | BA71: 3.32 | BB71: 7.54 | BC71: 3388 | BD71: 5300 | BE71: 0.444 | BF71: 205.19507 | BG71: 6 | BH71: 13.557 | BI71: 103 | BJ71: 92 | BK71: 29.355 | BL71: -1.893 | BM71: -2 | BN71: 66 | BO71: 0.89 | BP71: 192 | BQ71: 2.5 | BR71: 0.0028 | BS71: 1.736 | BT71: 0.43 | BU71: 14 | BV71: 1032 | BW71: 0.032 | BX71: 862 | BY71: 1.32 | BZ71: 4.6 | CA71: 0.40514 | CB71: 0.91 | CC71: 0.8 | CD71: 2.42 | CE71: 3051 | CF71: 4411 | CG71: 2.39 | CH71: 64.43485 | CI71: 1 | CJ71: 4.667 | CK71: 6 | CL71: 4 | CM71: 29.58 | CN71: 0.391 | CO71: 1 | CP71: 203 | CQ71: 2.376 | CR71: 87 | CS71: 1.5 | CT71: 2.1 | CU71: 7.572 | CV71: 0.278 | CW71: 14 | CX71: 1153 | CY71: 0.068 | CZ71: 971 | DA71: 1.07 | DB71: 3.73 | DC71: 0.23831 | DD71: 1.01 | DE71: 0.89 | DF71: 2.85 | DG71: 4562 | DH71: 6912 | DI71: 2.64 | DJ71: 51.12083 | DK71: 1 | DL71: 26.451 | DM71: 7 | DN71: 5 | DO71: 28.24 | DP71: 2.216 | DQ71: 1 | DR71: 154 | DS71: 1.911 | DT71: 83 | DU71: 1.5 | DV71: 0.53 | DW71: 3.926 | DX71: 3.31 | DY71: 6 | DZ71: 1833 | EA71: 0.315 | EB71: 9747 | EC71: 1.38 | ED71: 2.25 | EE71: 0.43316 | EF71: 1.67 | EG71: 2.14 | EH71: 4.69 | EI71: 1610 | EJ71: 2466 | EK71: 10.9 | EL71: 56.85674 | EM71: 5 | EN71: 16.069 | EO71: 81 | EP71: 83 | EQ71: 25.52 | ER71: 4.039 | ES71: 3 | ET71: 152 | EU71: 1.7 | EV71: 128 | EW71: 4.5 | EX71: 0.034 | EY71: 3.538 | EZ71: 0.42149555 | FA71: 0.0087811573 | FC71: =EZ71 -> 0.42149555 | FD71: -1831.4916 | FE71: =FD71/M71 -> -7.6631448 | FF71: =FE71*1000 -> -7663.1448 | FG71: 4.0072175 | FH71: 4.00785 | FI71: 4.1606 | FJ71: 66.820577 | FK71: =FJ71/M71 -> 0.27958401 | FM71: =FJ71 -> 66.820577 | FN71: -1 | FO71: 2.15 | FP71: 3.15 | FQ71: =FP71+0.01 -> 3.16 | FR71: =FQ71-2.86 -> 0.3 | FS71: =IF(FR71<0,0,1) -> 1
A72: K24 Na23 Nb47 Bi1 O144 | B72: Nb | C72: 47 | D72: O | E72: 144 | F72: K | G72: 24 | H72: Na | I72: 23 | J72: Bi | K72: 1 | M72: =C72+E72+G72+I72+K72 -> 239 | P72: 1.92 | Q72: 14 | R72: 3573 | S72: 1.702 | T72: 8570 | U72: 0.95 | V72: 1.75 | W72: 0.19256 | X72: 1.23 | Y72: 2.03 | Z72: 4 | AA72: 1382 | AB72: 2416 | AC72: 26.8 | AD72: 36.28 | AE72: 5 | AF72: 24.442 | AG72: 58 | AH72: 50 | AI72: 24.48 | AJ72: 6.144 | AK72: 3 | AL72: 134 | AM72: 1.468 | AN72: 450 | AO72: 4.5 | AP72: 1.15 | AQ72: 1.807 | AR72: 0.232 | AS72: 1 | AT72: 90.19 | AU72: 0.011 | AV72: 2000 | AW72: 0.85 | AX72: 1.2 | AY72: 0.82902 | AZ72: 3.5 | BA72: 3.32 | BB72: 7.54 | BC72: 3388 | BD72: 5300 | BE72: 0.444 | BF72: 205.19507 | BG72: 6 | BH72: 13.557 | BI72: 103 | BJ72: 92 | BK72: 29.355 | BL72: -1.893 | BM72: -2 | BN72: 66 | BO72: 0.89 | BP72: 192 | BQ72: 2.5 | BR72: 0.0028 | BS72: 1.736 | BT72: 0.43 | BU72: 14 | BV72: 1032 | BW72: 0.032 | BX72: 862 | BY72: 1.32 | BZ72: 4.6 | CA72: 0.40514 | CB72: 0.91 | CC72: 0.8 | CD72: 2.42 | CE72: 3051 | CF72: 4411 | CG72: 2.39 | CH72: 64.43485 | CI72: 1 | CJ72: 4.667 | CK72: 6 | CL72: 4 | CM72: 29.58 | CN72: 0.391 | CO72: 1 | CP72: 203 | CQ72: 2.376 | CR72: 87 | CS72: 1.5 | CT72: 2.1 | CU72: 7.572 | CV72: 0.278 | CW72: 14 | CX72: 1153 | CY72: 0.068 | CZ72: 971 | DA72: 1.07 | DB72: 3.73 | DC72: 0.23831 | DD72: 1.01 | DE72: 0.89 | DF72: 2.85 | DG72: 4562 | DH72: 6912 | DI72: 2.64 | DJ72: 51.12083 | DK72: 1 | DL72: 26.451 | DM72: 7 | DN72: 5 | DO72: 28.24 | DP72: 2.216 | DQ72: 1 | DR72: 154 | DS72: 1.911 | DT72: 83 | DU72: 1.5 | DV72: 0.53 | DW72: 3.926 | DX72: 3.31 | DY72: 6 | DZ72: 1833 | EA72: 0.315 | EB72: 9747 | EC72: 1.38 | ED72: 2.25 | EE72: 0.43316 | EF72: 1.67 | EG72: 2.14 | EH72: 4.69 | EI72: 1610 | EJ72: 2466 | EK72: 10.9 | EL72: 56.85674 | EM72: 5 | EN72: 16.069 | EO72: 81 | EP72: 83 | EQ72: 25.52 | ER72: 4.039 | ES72: 3 | ET72: 152 | EU72: 1.7 | EV72: 128 | EW72: 4.5 | EX72: 0.034 | EY72: 3.538 | EZ72: 11.137045 | FA72: 0.23202176 | FC72: =EZ72 -> 11.137045 | FD72: -1811.9945 | FE72: =FD72/M72 -> -7.5815668 | FF72: =FE72*1000 -> -7581.5668 | FG72: 4.008845 | FH72: 4.009765 | FI72: 4.1281667 | FJ72: 66.358336 | FK72: =FJ72/M72 -> 0.27764994 | FM72: =FJ72 -> 66.358336 | FN72: -1.02 | FO72: 1.92 | FP72: 2.94 | FQ72: =FP72+0.01 -> 2.95 | FR72: =FQ72-2.86 -> 0.09 | FS72: =IF(FR72<0,0,1) -> 1
A73: K24 Na23 Nb48 Bi1 O143 | B73: Nb | C73: 48 | D73: O | E73: 143 | F73: K | G73: 24 | H73: Na | I73: 23 | J73: Bi | K73: 1 | M73: =C73+E73+G73+I73+K73 -> 239 | P73: 1.92 | Q73: 14 | R73: 3573 | S73: 1.702 | T73: 8570 | U73: 0.95 | V73: 1.75 | W73: 0.19256 | X73: 1.23 | Y73: 2.03 | Z73: 4 | AA73: 1382 | AB73: 2416 | AC73: 26.8 | AD73: 36.28 | AE73: 5 | AF73: 24.442 | AG73: 58 | AH73: 50 | AI73: 24.48 | AJ73: 6.144 | AK73: 3 | AL73: 134 | AM73: 1.468 | AN73: 450 | AO73: 4.5 | AP73: 1.15 | AQ73: 1.807 | AR73: 0.232 | AS73: 1 | AT73: 90.19 | AU73: 0.011 | AV73: 2000 | AW73: 0.85 | AX73: 1.2 | AY73: 0.82902 | AZ73: 3.5 | BA73: 3.32 | BB73: 7.54 | BC73: 3388 | BD73: 5300 | BE73: 0.444 | BF73: 205.19507 | BG73: 6 | BH73: 13.557 | BI73: 103 | BJ73: 92 | BK73: 29.355 | BL73: -1.893 | BM73: -2 | BN73: 66 | BO73: 0.89 | BP73: 192 | BQ73: 2.5 | BR73: 0.0028 | BS73: 1.736 | BT73: 0.43 | BU73: 14 | BV73: 1032 | BW73: 0.032 | BX73: 862 | BY73: 1.32 | BZ73: 4.6 | CA73: 0.40514 | CB73: 0.91 | CC73: 0.8 | CD73: 2.42 | CE73: 3051 | CF73: 4411 | CG73: 2.39 | CH73: 64.43485 | CI73: 1 | CJ73: 4.667 | CK73: 6 | CL73: 4 | CM73: 29.58 | CN73: 0.391 | CO73: 1 | CP73: 203 | CQ73: 2.376 | CR73: 87 | CS73: 1.5 | CT73: 2.1 | CU73: 7.572 | CV73: 0.278 | CW73: 14 | CX73: 1153 | CY73: 0.068 | CZ73: 971 | DA73: 1.07 | DB73: 3.73 | DC73: 0.23831 | DD73: 1.01 | DE73: 0.89 | DF73: 2.85 | DG73: 4562 | DH73: 6912 | DI73: 2.64 | DJ73: 51.12083 | DK73: 1 | DL73: 26.451 | DM73: 7 | DN73: 5 | DO73: 28.24 | DP73: 2.216 | DQ73: 1 | DR73: 154 | DS73: 1.911 | DT73: 83 | DU73: 1.5 | DV73: 0.53 | DW73: 3.926 | DX73: 3.31 | DY73: 6 | DZ73: 1833 | EA73: 0.315 | EB73: 9747 | EC73: 1.38 | ED73: 2.25 | EE73: 0.43316 | EF73: 1.67 | EG73: 2.14 | EH73: 4.69 | EI73: 1610 | EJ73: 2466 | EK73: 10.9 | EL73: 56.85674 | EM73: 5 | EN73: 16.069 | EO73: 81 | EP73: 83 | EQ73: 25.52 | ER73: 4.039 | ES73: 3 | ET73: 152 | EU73: 1.7 | EV73: 128 | EW73: 4.5 | EX73: 0.034 | EY73: 3.538 | EZ73: 4.4563726 | FA73: 0.092841095 | FC73: =EZ73 -> 4.4563726 | FD73: -1823.8195 | FE73: =FD73/M73 -> -7.6310441 | FF73: =FE73*1000 -> -7631.0441 | FG73: 4.0078975 | FH73: 4.0079425 | FI73: 4.1291633 | FJ73: 66.3285 | FK73: =FJ73/M73 -> 0.27752511 | FM73: =FJ73 -> 66.3285 | FN73: -0.93 | FO73: 2.3 | FP73: 3.23 | FQ73: =FP73+0.01 -> 3.24 | FR73: =FQ73-2.86 -> 0.38 | FS73: =IF(FR73<0,0,1) -> 1
A74: K23 Na24 Li1 Nb48 O144 | B74: Nb | C74: 48 | D74: O | E74: 144 | F74: K | G74: 23 | H74: Na | I74: 24 | J74: Li | K74: 1 | M74: =C74+E74+G74+I74+K74 -> 240 | P74: 1.92 | Q74: 14 | R74: 3573 | S74: 1.702 | T74: 8570 | U74: 0.95 | V74: 1.75 | W74: 0.19256 | X74: 1.23 | Y74: 2.03 | Z74: 4 | AA74: 1382 | AB74: 2416 | AC74: 26.8 | AD74: 36.28 | AE74: 5 | AF74: 24.442 | AG74: 58 | AH74: 50 | AI74: 24.48 | AJ74: 6.144 | AK74: 3 | AL74: 134 | AM74: 1.468 | AN74: 450 | AO74: 4.5 | AP74: 1.15 | AQ74: 1.807 | AR74: 0.232 | AS74: 1 | AT74: 90.19 | AU74: 0.011 | AV74: 2000 | AW74: 0.85 | AX74: 1.2 | AY74: 0.82902 | AZ74: 3.5 | BA74: 3.32 | BB74: 7.54 | BC74: 3388 | BD74: 5300 | BE74: 0.444 | BF74: 205.19507 | BG74: 6 | BH74: 13.557 | BI74: 103 | BJ74: 92 | BK74: 29.355 | BL74: -1.893 | BM74: -2 | BN74: 66 | BO74: 0.89 | BP74: 192 | BQ74: 2.5 | BR74: 0.0028 | BS74: 1.736 | BT74: 0.43 | BU74: 14 | BV74: 1032 | BW74: 0.032 | BX74: 862 | BY74: 1.32 | BZ74: 4.6 | CA74: 0.40514 | CB74: 0.91 | CC74: 0.8 | CD74: 2.42 | CE74: 3051 | CF74: 4411 | CG74: 2.39 | CH74: 64.43485 | CI74: 1 | CJ74: 4.667 | CK74: 6 | CL74: 4 | CM74: 29.58 | CN74: 0.391 | CO74: 1 | CP74: 203 | CQ74: 2.376 | CR74: 87 | CS74: 1.5 | CT74: 2.1 | CU74: 7.572 | CV74: 0.278 | CW74: 14 | CX74: 1153 | CY74: 0.068 | CZ74: 971 | DA74: 1.07 | DB74: 3.73 | DC74: 0.23831 | DD74: 1.01 | DE74: 0.89 | DF74: 2.85 | DG74: 4562 | DH74: 6912 | DI74: 2.64 | DJ74: 51.12083 | DK74: 1 | DL74: 26.451 | DM74: 7 | DN74: 5 | DO74: 28.24 | DP74: 2.216 | DQ74: 1 | DR74: 154 | DS74: 1.911 | DT74: 83 | DU74: 1.5 | DV74: 0.53 | DW74: 3.926 | DX74: 0.08 | DY74: 14 | DZ74: 1620 | EA74: 0.116 | EB74: 534 | EC74: 1.75 | ED74: 3.06 | EE74: 0.07192 | EF74: 0.97 | EG74: 0.9 | EH74: 3.01 | EI74: 7298 | EJ74: 11815 | EK74: 2.93 | EL74: 28.2609 | EM74: 1 | EN74: 38.863 | EO74: 8 | EP74: 6 | EQ74: 24.77 | ER74: 3.256 | ES74: 1 | ET74: 123 | EU74: 1.562 | EV74: 29 | EW74: 1.5 | EX74: 0.045 | EY74: 2.216 | EZ74: 1.6871295 | FB74: 1.6871295 | FD74: -1833.1929 | FE74: =FD74/M74 -> -7.6383039 | FF74: =FE74*1000 -> -7638.3039 | FG74: 4.0301275 | FH74: 4.0302325 | FI74: 4.12061 | FJ74: 66.928365 | FK74: =FJ74/M74 -> 0.27886819 | FL74: =FJ74 -> 66.928365 | FN74: 1.76 | FO74: -0.89 | FP74: 2.65 | FQ74: =FP74+0.01 -> 2.66 | FR74: =FQ74-2.86 -> -0.2 | FS74: =IF(FR74<0,0,1) -> 0
A75: K24 Na23 Li1 Nb48 O144 | B75: Nb | C75: 48 | D75: O | E75: 144 | F75: K | G75: 24 | H75: Na | I75: 23 | J75: Li | K75: 1 | M75: =C75+E75+G75+I75+K75 -> 240 | P75: 1.92 | Q75: 14 | R75: 3573 | S75: 1.702 | T75: 8570 | U75: 0.95 | V75: 1.75 | W75: 0.19256 | X75: 1.23 | Y75: 2.03 | Z75: 4 | AA75: 1382 | AB75: 2416 | AC75: 26.8 | AD75: 36.28 | AE75: 5 | AF75: 24.442 | AG75: 58 | AH75: 50 | AI75: 24.48 | AJ75: 6.144 | AK75: 3 | AL75: 134 | AM75: 1.468 | AN75: 450 | AO75: 4.5 | AP75: 1.15 | AQ75: 1.807 | AR75: 0.232 | AS75: 1 | AT75: 90.19 | AU75: 0.011 | AV75: 2000 | AW75: 0.85 | AX75: 1.2 | AY75: 0.82902 | AZ75: 3.5 | BA75: 3.32 | BB75: 7.54 | BC75: 3388 | BD75: 5300 | BE75: 0.444 | BF75: 205.19507 | BG75: 6 | BH75: 13.557 | BI75: 103 | BJ75: 92 | BK75: 29.355 | BL75: -1.893 | BM75: -2 | BN75: 66 | BO75: 0.89 | BP75: 192 | BQ75: 2.5 | BR75: 0.0028 | BS75: 1.736 | BT75: 0.43 | BU75: 14 | BV75: 1032 | BW75: 0.032 | BX75: 862 | BY75: 1.32 | BZ75: 4.6 | CA75: 0.40514 | CB75: 0.91 | CC75: 0.8 | CD75: 2.42 | CE75: 3051 | CF75: 4411 | CG75: 2.39 | CH75: 64.43485 | CI75: 1 | CJ75: 4.667 | CK75: 6 | CL75: 4 | CM75: 29.58 | CN75: 0.391 | CO75: 1 | CP75: 203 | CQ75: 2.376 | CR75: 87 | CS75: 1.5 | CT75: 2.1 | CU75: 7.572 | CV75: 0.278 | CW75: 14 | CX75: 1153 | CY75: 0.068 | CZ75: 971 | DA75: 1.07 | DB75: 3.73 | DC75: 0.23831 | DD75: 1.01 | DE75: 0.89 | DF75: 2.85 | DG75: 4562 | DH75: 6912 | DI75: 2.64 | DJ75: 51.12083 | DK75: 1 | DL75: 26.451 | DM75: 7 | DN75: 5 | DO75: 28.24 | DP75: 2.216 | DQ75: 1 | DR75: 154 | DS75: 1.911 | DT75: 83 | DU75: 1.5 | DV75: 0.53 | DW75: 3.926 | DX75: 0.08 | DY75: 14 | DZ75: 1620 | EA75: 0.116 | EB75: 534 | EC75: 1.75 | ED75: 3.06 | EE75: 0.07192 | EF75: 0.97 | EG75: 0.9 | EH75: 3.01 | EI75: 7298 | EJ75: 11815 | EK75: 2.93 | EL75: 28.2609 | EM75: 1 | EN75: 38.863 | EO75: 8 | EP75: 6 | EQ75: 24.77 | ER75: 3.256 | ES75: 1 | ET75: 123 | EU75: 1.562 | EV75: 29 | EW75: 1.5 | EX75: 0.045 | EY75: 2.216 | EZ75: 1.5944483 | FB75: 1.5944483 | FD75: -1833.0014 | FE75: =FD75/M75 -> -7.6375058 | FF75: =FE75*1000 -> -7637.5058 | FG75: 4.030235 | FH75: 4.03087 | FI75: 4.1207833 | FJ75: 66.943616 | FK75: =FJ75/M75 -> 0.27893173 | FL75: =FJ75 -> 66.943616 | FN75: 1.75 | FO75: -0.9 | FP75: 2.65 | FQ75: =FP75+0.01 -> 2.66 | FR75: =FQ75-2.86 -> -0.2 | FS75: =IF(FR75<0,0,1) -> 0
A76: K24 Na24 Li1 Nb47 O144 | B76: Nb | C76: 47 | D76: O | E76: 144 | F76: K | G76: 24 | H76: Na | I76: 24 | J76: Li | K76: 1 | M76: =C76+E76+G76+I76+K76 -> 240 | P76: 1.92 | Q76: 14 | R76: 3573 | S76: 1.702 | T76: 8570 | U76: 0.95 | V76: 1.75 | W76: 0.19256 | X76: 1.23 | Y76: 2.03 | Z76: 4 | AA76: 1382 | AB76: 2416 | AC76: 26.8 | AD76: 36.28 | AE76: 5 | AF76: 24.442 | AG76: 58 | AH76: 50 | AI76: 24.48 | AJ76: 6.144 | AK76: 3 | AL76: 134 | AM76: 1.468 | AN76: 450 | AO76: 4.5 | AP76: 1.15 | AQ76: 1.807 | AR76: 0.232 | AS76: 1 | AT76: 90.19 | AU76: 0.011 | AV76: 2000 | AW76: 0.85 | AX76: 1.2 | AY76: 0.82902 | AZ76: 3.5 | BA76: 3.32 | BB76: 7.54 | BC76: 3388 | BD76: 5300 | BE76: 0.444 | BF76: 205.19507 | BG76: 6 | BH76: 13.557 | BI76: 103 | BJ76: 92 | BK76: 29.355 | BL76: -1.893 | BM76: -2 | BN76: 66 | BO76: 0.89 | BP76: 192 | BQ76: 2.5 | BR76: 0.0028 | BS76: 1.736 | BT76: 0.43 | BU76: 14 | BV76: 1032 | BW76: 0.032 | BX76: 862 | BY76: 1.32 | BZ76: 4.6 | CA76: 0.40514 | CB76: 0.91 | CC76: 0.8 | CD76: 2.42 | CE76: 3051 | CF76: 4411 | CG76: 2.39 | CH76: 64.43485 | CI76: 1 | CJ76: 4.667 | CK76: 6 | CL76: 4 | CM76: 29.58 | CN76: 0.391 | CO76: 1 | CP76: 203 | CQ76: 2.376 | CR76: 87 | CS76: 1.5 | CT76: 2.1 | CU76: 7.572 | CV76: 0.278 | CW76: 14 | CX76: 1153 | CY76: 0.068 | CZ76: 971 | DA76: 1.07 | DB76: 3.73 | DC76: 0.23831 | DD76: 1.01 | DE76: 0.89 | DF76: 2.85 | DG76: 4562 | DH76: 6912 | DI76: 2.64 | DJ76: 51.12083 | DK76: 1 | DL76: 26.451 | DM76: 7 | DN76: 5 | DO76: 28.24 | DP76: 2.216 | DQ76: 1 | DR76: 154 | DS76: 1.911 | DT76: 83 | DU76: 1.5 | DV76: 0.53 | DW76: 3.926 | DX76: 0.08 | DY76: 14 | DZ76: 1620 | EA76: 0.116 | EB76: 534 | EC76: 1.75 | ED76: 3.06 | EE76: 0.07192 | EF76: 0.97 | EG76: 0.9 | EH76: 3.01 | EI76: 7298 | EJ76: 11815 | EK76: 2.93 | EL76: 28.2609 | EM76: 1 | EN76: 38.863 | EO76: 8 | EP76: 6 | EQ76: 24.77 | ER76: 3.256 | ES76: 1 | ET76: 123 | EU76: 1.562 | EV76: 29 | EW76: 1.5 | EX76: 0.045 | EY76: 2.216 | EZ76: 11.522231 | FB76: 11.522231 | FD76: -1814.292 | FE76: =FD76/M76 -> -7.5595501 | FF76: =FE76*1000 -> -7559.5501 | FG76: 4.0307675 | FH76: 4.0302025 | FI76: 4.1213867 | FJ76: 66.95115 | FK76: =FJ76/M76 -> 0.27896313 | FL76: =FJ76 -> 66.95115 | FN76: 1.97 | FO76: -1.14 | FP76: 3.11 | FQ76: =FP76+0.01 -> 3.12 | FR76: =FQ76-2.86 -> 0.26 | FS76: =IF(FR76<0,0,1) -> 1
A77: K24 Na24 Li1 Nb48 O143 | B77: Nb | C77: 48 | D77: O | E77: 143 | F77: K | G77: 24 | H77: Na | I77: 24 | J77: Li | K77: 1 | M77: =C77+E77+G77+I77+K77 -> 240 | P77: 1.92 | Q77: 14 | R77: 3573 | S77: 1.702 | T77: 8570 | U77: 0.95 | V77: 1.75 | W77: 0.19256 | X77: 1.23 | Y77: 2.03 | Z77: 4 | AA77: 1382 | AB77: 2416 | AC77: 26.8 | AD77: 36.28 | AE77: 5 | AF77: 24.442 | AG77: 58 | AH77: 50 | AI77: 24.48 | AJ77: 6.144 | AK77: 3 | AL77: 134 | AM77: 1.468 | AN77: 450 | AO77: 4.5 | AP77: 1.15 | AQ77: 1.807 | AR77: 0.232 | AS77: 1 | AT77: 90.19 | AU77: 0.011 | AV77: 2000 | AW77: 0.85 | AX77: 1.2 | AY77: 0.82902 | AZ77: 3.5 | BA77: 3.32 | BB77: 7.54 | BC77: 3388 | BD77: 5300 | BE77: 0.444 | BF77: 205.19507 | BG77: 6 | BH77: 13.557 | BI77: 103 | BJ77: 92 | BK77: 29.355 | BL77: -1.893 | BM77: -2 | BN77: 66 | BO77: 0.89 | BP77: 192 | BQ77: 2.5 | BR77: 0.0028 | BS77: 1.736 | BT77: 0.43 | BU77: 14 | BV77: 1032 | BW77: 0.032 | BX77: 862 | BY77: 1.32 | BZ77: 4.6 | CA77: 0.40514 | CB77: 0.91 | CC77: 0.8 | CD77: 2.42 | CE77: 3051 | CF77: 4411 | CG77: 2.39 | CH77: 64.43485 | CI77: 1 | CJ77: 4.667 | CK77: 6 | CL77: 4 | CM77: 29.58 | CN77: 0.391 | CO77: 1 | CP77: 203 | CQ77: 2.376 | CR77: 87 | CS77: 1.5 | CT77: 2.1 | CU77: 7.572 | CV77: 0.278 | CW77: 14 | CX77: 1153 | CY77: 0.068 | CZ77: 971 | DA77: 1.07 | DB77: 3.73 | DC77: 0.23831 | DD77: 1.01 | DE77: 0.89 | DF77: 2.85 | DG77: 4562 | DH77: 6912 | DI77: 2.64 | DJ77: 51.12083 | DK77: 1 | DL77: 26.451 | DM77: 7 | DN77: 5 | DO77: 28.24 | DP77: 2.216 | DQ77: 1 | DR77: 154 | DS77: 1.911 | DT77: 83 | DU77: 1.5 | DV77: 0.53 | DW77: 3.926 | DX77: 0.08 | DY77: 14 | DZ77: 1620 | EA77: 0.116 | EB77: 534 | EC77: 1.75 | ED77: 3.06 | EE77: 0.07192 | EF77: 0.97 | EG77: 0.9 | EH77: 3.01 | EI77: 7298 | EJ77: 11815 | EK77: 2.93 | EL77: 28.2609 | EM77: 1 | EN77: 38.863 | EO77: 8 | EP77: 6 | EQ77: 24.77 | ER77: 3.256 | ES77: 1 | ET77: 123 | EU77: 1.562 | EV77: 29 | EW77: 1.5 | EX77: 0.045 | EY77: 2.216 | EZ77: 4.2701043 | FB77: 4.2701043 | FD77: -1826.6886 | FE77: =FD77/M77 -> -7.6112023 | FF77: =FE77*1000 -> -7611.2023 | FG77: 4.0334425 | FH77: 4.0321175 | FI77: 4.1178367 | FJ77: 66.969614 | FK77: =FJ77/M77 -> 0.27904006 | FL77: =FJ77 -> 66.969614 | FN77: 2.05 | FO77: -1.01 | FP77: 3.06 | FQ77: =FP77+0.01 -> 3.07 | FR77: =FQ77-2.86 -> 0.21 | FS77: =IF(FR77<0,0,1) -> 1
A78: K22 Na24 Li1 Nb48 O144 | B78: Nb | C78: 48 | D78: O | E78: 144 | F78: K | G78: 22 | H78: Na | I78: 24 | J78: Li | K78: 1 | M78: =C78+E78+G78+I78+K78 -> 239 | P78: 1.92 | Q78: 14 | R78: 3573 | S78: 1.702 | T78: 8570 | U78: 0.95 | V78: 1.75 | W78: 0.19256 | X78: 1.23 | Y78: 2.03 | Z78: 4 | AA78: 1382 | AB78: 2416 | AC78: 26.8 | AD78: 36.28 | AE78: 5 | AF78: 24.442 | AG78: 58 | AH78: 50 | AI78: 24.48 | AJ78: 6.144 | AK78: 3 | AL78: 134 | AM78: 1.468 | AN78: 450 | AO78: 4.5 | AP78: 1.15 | AQ78: 1.807 | AR78: 0.232 | AS78: 1 | AT78: 90.19 | AU78: 0.011 | AV78: 2000 | AW78: 0.85 | AX78: 1.2 | AY78: 0.82902 | AZ78: 3.5 | BA78: 3.32 | BB78: 7.54 | BC78: 3388 | BD78: 5300 | BE78: 0.444 | BF78: 205.19507 | BG78: 6 | BH78: 13.557 | BI78: 103 | BJ78: 92 | BK78: 29.355 | BL78: -1.893 | BM78: -2 | BN78: 66 | BO78: 0.89 | BP78: 192 | BQ78: 2.5 | BR78: 0.0028 | BS78: 1.736 | BT78: 0.43 | BU78: 14 | BV78: 1032 | BW78: 0.032 | BX78: 862 | BY78: 1.32 | BZ78: 4.6 | CA78: 0.40514 | CB78: 0.91 | CC78: 0.8 | CD78: 2.42 | CE78: 3051 | CF78: 4411 | CG78: 2.39 | CH78: 64.43485 | CI78: 1 | CJ78: 4.667 | CK78: 6 | CL78: 4 | CM78: 29.58 | CN78: 0.391 | CO78: 1 | CP78: 203 | CQ78: 2.376 | CR78: 87 | CS78: 1.5 | CT78: 2.1 | CU78: 7.572 | CV78: 0.278 | CW78: 14 | CX78: 1153 | CY78: 0.068 | CZ78: 971 | DA78: 1.07 | DB78: 3.73 | DC78: 0.23831 | DD78: 1.01 | DE78: 0.89 | DF78: 2.85 | DG78: 4562 | DH78: 6912 | DI78: 2.64 | DJ78: 51.12083 | DK78: 1 | DL78: 26.451 | DM78: 7 | DN78: 5 | DO78: 28.24 | DP78: 2.216 | DQ78: 1 | DR78: 154 | DS78: 1.911 | DT78: 83 | DU78: 1.5 | DV78: 0.53 | DW78: 3.926 | DX78: 0.08 | DY78: 14 | DZ78: 1620 | EA78: 0.116 | EB78: 534 | EC78: 1.75 | ED78: 3.06 | EE78: 0.07192 | EF78: 0.97 | EG78: 0.9 | EH78: 3.01 | EI78: 7298 | EJ78: 11815 | EK78: 2.93 | EL78: 28.2609 | EM78: 1 | EN78: 38.863 | EO78: 8 | EP78: 6 | EQ78: 24.77 | ER78: 3.256 | ES78: 1 | ET78: 123 | EU78: 1.562 | EV78: 29 | EW78: 1.5 | EX78: 0.045 | EY78: 2.216 | EZ78: 2.8284647 | FA78: 0.058926348 | FC78: =EZ78 -> 2.8284647 | FD78: -1829.3368 | FE78: =FD78/M78 -> -7.6541287 | FF78: =FE78*1000 -> -7654.1287 | FG78: 4.00467 | FH78: 4.00585 | FI78: 4.1214733 | FJ78: 66.117031 | FK78: =FJ78/M78 -> 0.2766403 | FM78: =FJ78 -> 66.117031 | FN78: 1.95 | FO78: -1.01 | FP78: 2.96 | FQ78: =FP78+0.01 -> 2.97 | FR78: =FQ78-2.86 -> 0.11 | FS78: =IF(FR78<0,0,1) -> 1
A79: K23 Na23 Li1 Nb48 O144 | B79: Nb | C79: 48 | D79: O | E79: 144 | F79: K | G79: 23 | H79: Na | I79: 23 | J79: Li | K79: 1 | M79: =C79+E79+G79+I79+K79 -> 239 | P79: 1.92 | Q79: 14 | R79: 3573 | S79: 1.702 | T79: 8570 | U79: 0.95 | V79: 1.75 | W79: 0.19256 | X79: 1.23 | Y79: 2.03 | Z79: 4 | AA79: 1382 | AB79: 2416 | AC79: 26.8 | AD79: 36.28 | AE79: 5 | AF79: 24.442 | AG79: 58 | AH79: 50 | AI79: 24.48 | AJ79: 6.144 | AK79: 3 | AL79: 134 | AM79: 1.468 | AN79: 450 | AO79: 4.5 | AP79: 1.15 | AQ79: 1.807 | AR79: 0.232 | AS79: 1 | AT79: 90.19 | AU79: 0.011 | AV79: 2000 | AW79: 0.85 | AX79: 1.2 | AY79: 0.82902 | AZ79: 3.5 | BA79: 3.32 | BB79: 7.54 | BC79: 3388 | BD79: 5300 | BE79: 0.444 | BF79: 205.19507 | BG79: 6 | BH79: 13.557 | BI79: 103 | BJ79: 92 | BK79: 29.355 | BL79: -1.893 | BM79: -2 | BN79: 66 | BO79: 0.89 | BP79: 192 | BQ79: 2.5 | BR79: 0.0028 | BS79: 1.736 | BT79: 0.43 | BU79: 14 | BV79: 1032 | BW79: 0.032 | BX79: 862 | BY79: 1.32 | BZ79: 4.6 | CA79: 0.40514 | CB79: 0.91 | CC79: 0.8 | CD79: 2.42 | CE79: 3051 | CF79: 4411 | CG79: 2.39 | CH79: 64.43485 | CI79: 1 | CJ79: 4.667 | CK79: 6 | CL79: 4 | CM79: 29.58 | CN79: 0.391 | CO79: 1 | CP79: 203 | CQ79: 2.376 | CR79: 87 | CS79: 1.5 | CT79: 2.1 | CU79: 7.572 | CV79: 0.278 | CW79: 14 | CX79: 1153 | CY79: 0.068 | CZ79: 971 | DA79: 1.07 | DB79: 3.73 | DC79: 0.23831 | DD79: 1.01 | DE79: 0.89 | DF79: 2.85 | DG79: 4562 | DH79: 6912 | DI79: 2.64 | DJ79: 51.12083 | DK79: 1 | DL79: 26.451 | DM79: 7 | DN79: 5 | DO79: 28.24 | DP79: 2.216 | DQ79: 1 | DR79: 154 | DS79: 1.911 | DT79: 83 | DU79: 1.5 | DV79: 0.53 | DW79: 3.926 | DX79: 0.08 | DY79: 14 | DZ79: 1620 | EA79: 0.116 | EB79: 534 | EC79: 1.75 | ED79: 3.06 | EE79: 0.07192 | EF79: 0.97 | EG79: 0.9 | EH79: 3.01 | EI79: 7298 | EJ79: 11815 | EK79: 2.93 | EL79: 28.2609 | EM79: 1 | EN79: 38.863 | EO79: 8 | EP79: 6 | EQ79: 24.77 | ER79: 3.256 | ES79: 1 | ET79: 123 | EU79: 1.562 | EV79: 29 | EW79: 1.5 | EX79: 0.045 | EY79: 2.216 | EZ79: 2.7519435 | FA79: 0.057332157 | FC79: =EZ79 -> 2.7519435 | FD79: -1829.1291 | FE79: =FD79/M79 -> -7.6532597 | FF79: =FE79*1000 -> -7653.2597 | FG79: 4.00735 | FH79: 4.007635 | FI79: 4.12372 | FJ79: 66.226884 | FK79: =FJ79/M79 -> 0.27709993 | FM79: =FJ79 -> 66.226884 | FN79: 1.8 | FO79: -1.01 | FP79: 2.81 | FQ79: =FP79+0.01 -> 2.82 | FR79: =FQ79-2.86 -> -0.04 | FS79: =IF(FR79<0,0,1) -> 0
A80: K23 Na24 Li1 Nb47 O144 | B80: Nb | C80: 47 | D80: O | E80: 144 | F80: K | G80: 23 | H80: Na | I80: 24 | J80: Li | K80: 1 | M80: =C80+E80+G80+I80+K80 -> 239 | P80: 1.92 | Q80: 14 | R80: 3573 | S80: 1.702 | T80: 8570 | U80: 0.95 | V80: 1.75 | W80: 0.19256 | X80: 1.23 | Y80: 2.03 | Z80: 4 | AA80: 1382 | AB80: 2416 | AC80: 26.8 | AD80: 36.28 | AE80: 5 | AF80: 24.442 | AG80: 58 | AH80: 50 | AI80: 24.48 | AJ80: 6.144 | AK80: 3 | AL80: 134 | AM80: 1.468 | AN80: 450 | AO80: 4.5 | AP80: 1.15 | AQ80: 1.807 | AR80: 0.232 | AS80: 1 | AT80: 90.19 | AU80: 0.011 | AV80: 2000 | AW80: 0.85 | AX80: 1.2 | AY80: 0.82902 | AZ80: 3.5 | BA80: 3.32 | BB80: 7.54 | BC80: 3388 | BD80: 5300 | BE80: 0.444 | BF80: 205.19507 | BG80: 6 | BH80: 13.557 | BI80: 103 | BJ80: 92 | BK80: 29.355 | BL80: -1.893 | BM80: -2 | BN80: 66 | BO80: 0.89 | BP80: 192 | BQ80: 2.5 | BR80: 0.0028 | BS80: 1.736 | BT80: 0.43 | BU80: 14 | BV80: 1032 | BW80: 0.032 | BX80: 862 | BY80: 1.32 | BZ80: 4.6 | CA80: 0.40514 | CB80: 0.91 | CC80: 0.8 | CD80: 2.42 | CE80: 3051 | CF80: 4411 | CG80: 2.39 | CH80: 64.43485 | CI80: 1 | CJ80: 4.667 | CK80: 6 | CL80: 4 | CM80: 29.58 | CN80: 0.391 | CO80: 1 | CP80: 203 | CQ80: 2.376 | CR80: 87 | CS80: 1.5 | CT80: 2.1 | CU80: 7.572 | CV80: 0.278 | CW80: 14 | CX80: 1153 | CY80: 0.068 | CZ80: 971 | DA80: 1.07 | DB80: 3.73 | DC80: 0.23831 | DD80: 1.01 | DE80: 0.89 | DF80: 2.85 | DG80: 4562 | DH80: 6912 | DI80: 2.64 | DJ80: 51.12083 | DK80: 1 | DL80: 26.451 | DM80: 7 | DN80: 5 | DO80: 28.24 | DP80: 2.216 | DQ80: 1 | DR80: 154 | DS80: 1.911 | DT80: 83 | DU80: 1.5 | DV80: 0.53 | DW80: 3.926 | DX80: 0.08 | DY80: 14 | DZ80: 1620 | EA80: 0.116 | EB80: 534 | EC80: 1.75 | ED80: 3.06 | EE80: 0.07192 | EF80: 0.97 | EG80: 0.9 | EH80: 3.01 | EI80: 7298 | EJ80: 11815 | EK80: 2.93 | EL80: 28.2609 | EM80: 1 | EN80: 38.863 | EO80: 8 | EP80: 6 | EQ80: 24.77 | ER80: 3.256 | ES80: 1 | ET80: 123 | EU80: 1.562 | EV80: 29 | EW80: 1.5 | EX80: 0.045 | EY80: 2.216 | EZ80: 13.732553 | FA80: 0.28609485 | FC80: =EZ80 -> 13.732553 | FD80: -1809.3669 | FE80: =FD80/M80 -> -7.5705727 | FF80: =FE80*1000 -> -7570.5727 | FG80: 4.00765 | FH80: 4.00818 | FI80: 4.1268133 | FJ80: 66.290571 | FK80: =FJ80/M80 -> 0.27736641 | FM80: =FJ80 -> 66.290571 | FN80: 2.15 | FO80: -1.2 | FP80: 3.35 | FQ80: =FP80+0.01 -> 3.36 | FR80: =FQ80-2.86 -> 0.5 | FS80: =IF(FR80<0,0,1) -> 1
A81: K23 Na24 Li1 Nb48 O143 | B81: Nb | C81: 48 | D81: O | E81: 143 | F81: K | G81: 23 | H81: Na | I81: 24 | J81: Li | K81: 1 | M81: =C81+E81+G81+I81+K81 -> 239 | P81: 1.92 | Q81: 14 | R81: 3573 | S81: 1.702 | T81: 8570 | U81: 0.95 | V81: 1.75 | W81: 0.19256 | X81: 1.23 | Y81: 2.03 | Z81: 4 | AA81: 1382 | AB81: 2416 | AC81: 26.8 | AD81: 36.28 | AE81: 5 | AF81: 24.442 | AG81: 58 | AH81: 50 | AI81: 24.48 | AJ81: 6.144 | AK81: 3 | AL81: 134 | AM81: 1.468 | AN81: 450 | AO81: 4.5 | AP81: 1.15 | AQ81: 1.807 | AR81: 0.232 | AS81: 1 | AT81: 90.19 | AU81: 0.011 | AV81: 2000 | AW81: 0.85 | AX81: 1.2 | AY81: 0.82902 | AZ81: 3.5 | BA81: 3.32 | BB81: 7.54 | BC81: 3388 | BD81: 5300 | BE81: 0.444 | BF81: 205.19507 | BG81: 6 | BH81: 13.557 | BI81: 103 | BJ81: 92 | BK81: 29.355 | BL81: -1.893 | BM81: -2 | BN81: 66 | BO81: 0.89 | BP81: 192 | BQ81: 2.5 | BR81: 0.0028 | BS81: 1.736 | BT81: 0.43 | BU81: 14 | BV81: 1032 | BW81: 0.032 | BX81: 862 | BY81: 1.32 | BZ81: 4.6 | CA81: 0.40514 | CB81: 0.91 | CC81: 0.8 | CD81: 2.42 | CE81: 3051 | CF81: 4411 | CG81: 2.39 | CH81: 64.43485 | CI81: 1 | CJ81: 4.667 | CK81: 6 | CL81: 4 | CM81: 29.58 | CN81: 0.391 | CO81: 1 | CP81: 203 | CQ81: 2.376 | CR81: 87 | CS81: 1.5 | CT81: 2.1 | CU81: 7.572 | CV81: 0.278 | CW81: 14 | CX81: 1153 | CY81: 0.068 | CZ81: 971 | DA81: 1.07 | DB81: 3.73 | DC81: 0.23831 | DD81: 1.01 | DE81: 0.89 | DF81: 2.85 | DG81: 4562 | DH81: 6912 | DI81: 2.64 | DJ81: 51.12083 | DK81: 1 | DL81: 26.451 | DM81: 7 | DN81: 5 | DO81: 28.24 | DP81: 2.216 | DQ81: 1 | DR81: 154 | DS81: 1.911 | DT81: 83 | DU81: 1.5 | DV81: 0.53 | DW81: 3.926 | DX81: 0.08 | DY81: 14 | DZ81: 1620 | EA81: 0.116 | EB81: 534 | EC81: 1.75 | ED81: 3.06 | EE81: 0.07192 | EF81: 0.97 | EG81: 0.9 | EH81: 3.01 | EI81: 7298 | EJ81: 11815 | EK81: 2.93 | EL81: 28.2609 | EM81: 1 | EN81: 38.863 | EO81: 8 | EP81: 6 | EQ81: 24.77 | ER81: 3.256 | ES81: 1 | ET81: 123 | EU81: 1.562 | EV81: 29 | EW81: 1.5 | EX81: 0.045 | EY81: 2.216 | EZ81: 2.6497296 | FA81: 0.055202699 | FC81: =EZ81 -> 2.6497296 | FD81: -1825.5941 | FE81: =FD81/M81 -> -7.638469 | FF81: =FE81*1000 -> -7638.469 | FG81: 4.0058025 | FH81: 4.010195 | FI81: 4.11984 | FJ81: 66.181291 | FK81: =FJ81/M81 -> 0.27690917 | FM81: =FJ81 -> 66.181291 | FN81: 2.05 | FO81: -0.9 | FP81: 2.95 | FQ81: =FP81+0.01 -> 2.96 | FR81: =FQ81-2.86 -> 0.1 | FS81: =IF(FR81<0,0,1) -> 1
A82: K23 Na23 Li1 Nb48 O144 | B82: Nb | C82: 48 | D82: O | E82: 144 | F82: K | G82: 23 | H82: Na | I82: 23 | J82: Li | K82: 1 | M82: =C82+E82+G82+I82+K82 -> 239 | P82: 1.92 | Q82: 14 | R82: 3573 | S82: 1.702 | T82: 8570 | U82: 0.95 | V82: 1.75 | W82: 0.19256 | X82: 1.23 | Y82: 2.03 | Z82: 4 | AA82: 1382 | AB82: 2416 | AC82: 26.8 | AD82: 36.28 | AE82: 5 | AF82: 24.442 | AG82: 58 | AH82: 50 | AI82: 24.48 | AJ82: 6.144 | AK82: 3 | AL82: 134 | AM82: 1.468 | AN82: 450 | AO82: 4.5 | AP82: 1.15 | AQ82: 1.807 | AR82: 0.232 | AS82: 1 | AT82: 90.19 | AU82: 0.011 | AV82: 2000 | AW82: 0.85 | AX82: 1.2 | AY82: 0.82902 | AZ82: 3.5 | BA82: 3.32 | BB82: 7.54 | BC82: 3388 | BD82: 5300 | BE82: 0.444 | BF82: 205.19507 | BG82: 6 | BH82: 13.557 | BI82: 103 | BJ82: 92 | BK82: 29.355 | BL82: -1.893 | BM82: -2 | BN82: 66 | BO82: 0.89 | BP82: 192 | BQ82: 2.5 | BR82: 0.0028 | BS82: 1.736 | BT82: 0.43 | BU82: 14 | BV82: 1032 | BW82: 0.032 | BX82: 862 | BY82: 1.32 | BZ82: 4.6 | CA82: 0.40514 | CB82: 0.91 | CC82: 0.8 | CD82: 2.42 | CE82: 3051 | CF82: 4411 | CG82: 2.39 | CH82: 64.43485 | CI82: 1 | CJ82: 4.667 | CK82: 6 | CL82: 4 | CM82: 29.58 | CN82: 0.391 | CO82: 1 | CP82: 203 | CQ82: 2.376 | CR82: 87 | CS82: 1.5 | CT82: 2.1 | CU82: 7.572 | CV82: 0.278 | CW82: 14 | CX82: 1153 | CY82: 0.068 | CZ82: 971 | DA82: 1.07 | DB82: 3.73 | DC82: 0.23831 | DD82: 1.01 | DE82: 0.89 | DF82: 2.85 | DG82: 4562 | DH82: 6912 | DI82: 2.64 | DJ82: 51.12083 | DK82: 1 | DL82: 26.451 | DM82: 7 | DN82: 5 | DO82: 28.24 | DP82: 2.216 | DQ82: 1 | DR82: 154 | DS82: 1.911 | DT82: 83 | DU82: 1.5 | DV82: 0.53 | DW82: 3.926 | DX82: 0.08 | DY82: 14 | DZ82: 1620 | EA82: 0.116 | EB82: 534 | EC82: 1.75 | ED82: 3.06 | EE82: 0.07192 | EF82: 0.97 | EG82: 0.9 | EH82: 3.01 | EI82: 7298 | EJ82: 11815 | EK82: 2.93 | EL82: 28.2609 | EM82: 1 | EN82: 38.863 | EO82: 8 | EP82: 6 | EQ82: 24.77 | ER82: 3.256 | ES82: 1 | ET82: 123 | EU82: 1.562 | EV82: 29 | EW82: 1.5 | EX82: 0.045 | EY82: 2.216 | EZ82: 3.3869847 | FA82: 0.070562181 | FC82: =EZ82 -> 3.3869847 | FD82: -1828.5867 | FE82: =FD82/M82 -> -7.6509904 | FF82: =FE82*1000 -> -7650.9904 | FG82: 4.0049975 | FH82: 4.0045375 | FI82: 4.1292733 | FJ82: 66.225938 | FK82: =FJ82/M82 -> 0.27709598 | FM82: =FJ82 -> 66.225938 | FN82: 1.84 | FO82: -1.01 | FP82: 2.85 | FQ82: =FP82+0.01 -> 2.86 | FR82: =FQ82-2.86 -> 0 | FS82: =IF(FR82<0,0,1) -> 1
A83: K24 Na22 Li1 Nb48 O144 | B83: Nb | C83: 48 | D83: O | E83: 144 | F83: K | G83: 24 | H83: Na | I83: 22 | J83: Li | K83: 1 | M83: =C83+E83+G83+I83+K83 -> 239 | P83: 1.92 | Q83: 14 | R83: 3573 | S83: 1.702 | T83: 8570 | U83: 0.95 | V83: 1.75 | W83: 0.19256 | X83: 1.23 | Y83: 2.03 | Z83: 4 | AA83: 1382 | AB83: 2416 | AC83: 26.8 | AD83: 36.28 | AE83: 5 | AF83: 24.442 | AG83: 58 | AH83: 50 | AI83: 24.48 | AJ83: 6.144 | AK83: 3 | AL83: 134 | AM83: 1.468 | AN83: 450 | AO83: 4.5 | AP83: 1.15 | AQ83: 1.807 | AR83: 0.232 | AS83: 1 | AT83: 90.19 | AU83: 0.011 | AV83: 2000 | AW83: 0.85 | AX83: 1.2 | AY83: 0.82902 | AZ83: 3.5 | BA83: 3.32 | BB83: 7.54 | BC83: 3388 | BD83: 5300 | BE83: 0.444 | BF83: 205.19507 | BG83: 6 | BH83: 13.557 | BI83: 103 | BJ83: 92 | BK83: 29.355 | BL83: -1.893 | BM83: -2 | BN83: 66 | BO83: 0.89 | BP83: 192 | BQ83: 2.5 | BR83: 0.0028 | BS83: 1.736 | BT83: 0.43 | BU83: 14 | BV83: 1032 | BW83: 0.032 | BX83: 862 | BY83: 1.32 | BZ83: 4.6 | CA83: 0.40514 | CB83: 0.91 | CC83: 0.8 | CD83: 2.42 | CE83: 3051 | CF83: 4411 | CG83: 2.39 | CH83: 64.43485 | CI83: 1 | CJ83: 4.667 | CK83: 6 | CL83: 4 | CM83: 29.58 | CN83: 0.391 | CO83: 1 | CP83: 203 | CQ83: 2.376 | CR83: 87 | CS83: 1.5 | CT83: 2.1 | CU83: 7.572 | CV83: 0.278 | CW83: 14 | CX83: 1153 | CY83: 0.068 | CZ83: 971 | DA83: 1.07 | DB83: 3.73 | DC83: 0.23831 | DD83: 1.01 | DE83: 0.89 | DF83: 2.85 | DG83: 4562 | DH83: 6912 | DI83: 2.64 | DJ83: 51.12083 | DK83: 1 | DL83: 26.451 | DM83: 7 | DN83: 5 | DO83: 28.24 | DP83: 2.216 | DQ83: 1 | DR83: 154 | DS83: 1.911 | DT83: 83 | DU83: 1.5 | DV83: 0.53 | DW83: 3.926 | DX83: 0.08 | DY83: 14 | DZ83: 1620 | EA83: 0.116 | EB83: 534 | EC83: 1.75 | ED83: 3.06 | EE83: 0.07192 | EF83: 0.97 | EG83: 0.9 | EH83: 3.01 | EI83: 7298 | EJ83: 11815 | EK83: 2.93 | EL83: 28.2609 | EM83: 1 | EN83: 38.863 | EO83: 8 | EP83: 6 | EQ83: 24.77 | ER83: 3.256 | ES83: 1 | ET83: 123 | EU83: 1.562 | EV83: 29 | EW83: 1.5 | EX83: 0.045 | EY83: 2.216 | EZ83: 2.6778895 | FA83: 0.055789366 | FC83: =EZ83 -> 2.6778895 | FD83: -1829.0116 | FE83: =FD83/M83 -> -7.6527681 | FF83: =FE83*1000 -> -7652.7681 | FG83: 4.00602 | FH83: 4.0064275 | FI83: 4.16456 | FJ83: 66.840445 | FK83: =FJ83/M83 -> 0.27966713 | FM83: =FJ83 -> 66.840445 | FN83: 2.04 | FO83: -1.16 | FP83: 3.2 | FQ83: =FP83+0.01 -> 3.21 | FR83: =FQ83-2.86 -> 0.35 | FS83: =IF(FR83<0,0,1) -> 1
A84: K24 Na23 Li1 Nb47 O144 | B84: Nb | C84: 47 | D84: O | E84: 144 | F84: K | G84: 24 | H84: Na | I84: 23 | J84: Li | K84: 1 | M84: =C84+E84+G84+I84+K84 -> 239 | P84: 1.92 | Q84: 14 | R84: 3573 | S84: 1.702 | T84: 8570 | U84: 0.95 | V84: 1.75 | W84: 0.19256 | X84: 1.23 | Y84: 2.03 | Z84: 4 | AA84: 1382 | AB84: 2416 | AC84: 26.8 | AD84: 36.28 | AE84: 5 | AF84: 24.442 | AG84: 58 | AH84: 50 | AI84: 24.48 | AJ84: 6.144 | AK84: 3 | AL84: 134 | AM84: 1.468 | AN84: 450 | AO84: 4.5 | AP84: 1.15 | AQ84: 1.807 | AR84: 0.232 | AS84: 1 | AT84: 90.19 | AU84: 0.011 | AV84: 2000 | AW84: 0.85 | AX84: 1.2 | AY84: 0.82902 | AZ84: 3.5 | BA84: 3.32 | BB84: 7.54 | BC84: 3388 | BD84: 5300 | BE84: 0.444 | BF84: 205.19507 | BG84: 6 | BH84: 13.557 | BI84: 103 | BJ84: 92 | BK84: 29.355 | BL84: -1.893 | BM84: -2 | BN84: 66 | BO84: 0.89 | BP84: 192 | BQ84: 2.5 | BR84: 0.0028 | BS84: 1.736 | BT84: 0.43 | BU84: 14 | BV84: 1032 | BW84: 0.032 | BX84: 862 | BY84: 1.32 | BZ84: 4.6 | CA84: 0.40514 | CB84: 0.91 | CC84: 0.8 | CD84: 2.42 | CE84: 3051 | CF84: 4411 | CG84: 2.39 | CH84: 64.43485 | CI84: 1 | CJ84: 4.667 | CK84: 6 | CL84: 4 | CM84: 29.58 | CN84: 0.391 | CO84: 1 | CP84: 203 | CQ84: 2.376 | CR84: 87 | CS84: 1.5 | CT84: 2.1 | CU84: 7.572 | CV84: 0.278 | CW84: 14 | CX84: 1153 | CY84: 0.068 | CZ84: 971 | DA84: 1.07 | DB84: 3.73 | DC84: 0.23831 | DD84: 1.01 | DE84: 0.89 | DF84: 2.85 | DG84: 4562 | DH84: 6912 | DI84: 2.64 | DJ84: 51.12083 | DK84: 1 | DL84: 26.451 | DM84: 7 | DN84: 5 | DO84: 28.24 | DP84: 2.216 | DQ84: 1 | DR84: 154 | DS84: 1.911 | DT84: 83 | DU84: 1.5 | DV84: 0.53 | DW84: 3.926 | DX84: 0.08 | DY84: 14 | DZ84: 1620 | EA84: 0.116 | EB84: 534 | EC84: 1.75 | ED84: 3.06 | EE84: 0.07192 | EF84: 0.97 | EG84: 0.9 | EH84: 3.01 | EI84: 7298 | EJ84: 11815 | EK84: 2.93 | EL84: 28.2609 | EM84: 1 | EN84: 38.863 | EO84: 8 | EP84: 6 | EQ84: 24.77 | ER84: 3.256 | ES84: 1 | ET84: 123 | EU84: 1.562 | EV84: 29 | EW84: 1.5 | EX84: 0.045 | EY84: 2.216 | EZ84: 15.025711 | FA84: 0.31303564 | FC84: =EZ84 -> 15.025711 | FD84: -1807.8822 | FE84: =FD84/M84 -> -7.5643606 | FF84: =FE84*1000 -> -7564.3606 | FG84: 4.0059725 | FH84: 4.0062325 | FI84: 4.1309133 | FJ84: 66.296464 | FK84: =FJ84/M84 -> 0.27739106 | FM84: =FJ84 -> 66.296464 | FN84: 1.84 | FO84: -1.14 | FP84: 2.98 | FQ84: =FP84+0.01 -> 2.99 | FR84: =FQ84-2.86 -> 0.13 | FS84: =IF(FR84<0,0,1) -> 1
A85: K24 Na23 Li1 Nb48 O143 | B85: Nb | C85: 48 | D85: O | E85: 143 | F85: K | G85: 24 | H85: Na | I85: 23 | J85: Li | K85: 1 | M85: =C85+E85+G85+I85+K85 -> 239 | P85: 1.92 | Q85: 14 | R85: 3573 | S85: 1.702 | T85: 8570 | U85: 0.95 | V85: 1.75 | W85: 0.19256 | X85: 1.23 | Y85: 2.03 | Z85: 4 | AA85: 1382 | AB85: 2416 | AC85: 26.8 | AD85: 36.28 | AE85: 5 | AF85: 24.442 | AG85: 58 | AH85: 50 | AI85: 24.48 | AJ85: 6.144 | AK85: 3 | AL85: 134 | AM85: 1.468 | AN85: 450 | AO85: 4.5 | AP85: 1.15 | AQ85: 1.807 | AR85: 0.232 | AS85: 1 | AT85: 90.19 | AU85: 0.011 | AV85: 2000 | AW85: 0.85 | AX85: 1.2 | AY85: 0.82902 | AZ85: 3.5 | BA85: 3.32 | BB85: 7.54 | BC85: 3388 | BD85: 5300 | BE85: 0.444 | BF85: 205.19507 | BG85: 6 | BH85: 13.557 | BI85: 103 | BJ85: 92 | BK85: 29.355 | BL85: -1.893 | BM85: -2 | BN85: 66 | BO85: 0.89 | BP85: 192 | BQ85: 2.5 | BR85: 0.0028 | BS85: 1.736 | BT85: 0.43 | BU85: 14 | BV85: 1032 | BW85: 0.032 | BX85: 862 | BY85: 1.32 | BZ85: 4.6 | CA85: 0.40514 | CB85: 0.91 | CC85: 0.8 | CD85: 2.42 | CE85: 3051 | CF85: 4411 | CG85: 2.39 | CH85: 64.43485 | CI85: 1 | CJ85: 4.667 | CK85: 6 | CL85: 4 | CM85: 29.58 | CN85: 0.391 | CO85: 1 | CP85: 203 | CQ85: 2.376 | CR85: 87 | CS85: 1.5 | CT85: 2.1 | CU85: 7.572 | CV85: 0.278 | CW85: 14 | CX85: 1153 | CY85: 0.068 | CZ85: 971 | DA85: 1.07 | DB85: 3.73 | DC85: 0.23831 | DD85: 1.01 | DE85: 0.89 | DF85: 2.85 | DG85: 4562 | DH85: 6912 | DI85: 2.64 | DJ85: 51.12083 | DK85: 1 | DL85: 26.451 | DM85: 7 | DN85: 5 | DO85: 28.24 | DP85: 2.216 | DQ85: 1 | DR85: 154 | DS85: 1.911 | DT85: 83 | DU85: 1.5 | DV85: 0.53 | DW85: 3.926 | DX85: 0.08 | DY85: 14 | DZ85: 1620 | EA85: 0.116 | EB85: 534 | EC85: 1.75 | ED85: 3.06 | EE85: 0.07192 | EF85: 0.97 | EG85: 0.9 | EH85: 3.01 | EI85: 7298 | EJ85: 11815 | EK85: 2.93 | EL85: 28.2609 | EM85: 1 | EN85: 38.863 | EO85: 8 | EP85: 6 | EQ85: 24.77 | ER85: 3.256 | ES85: 1 | ET85: 123 | EU85: 1.562 | EV85: 29 | EW85: 1.5 | EX85: 0.045 | EY85: 2.216 | EZ85: 3.4872766 | FA85: 0.072651595 | FC85: =EZ85 -> 3.4872766 | FD85: -1824.565 | FE85: =FD85/M85 -> -7.6341632 | FF85: =FE85*1000 -> -7634.1632 | FG85: 4.006405 | FH85: 4.0055 | FI85: 4.1378667 | FJ85: 66.403071 | FK85: =FJ85/M85 -> 0.27783712 | FM85: =FJ85 -> 66.403071 | FN85: 2.12 | FO85: -1 | FP85: 3.12 | FQ85: =FP85+0.01 -> 3.13 | FR85: =FQ85-2.86 -> 0.27 | FS85: =IF(FR85<0,0,1) -> 1
